"GEOID","state","county_name","rucc_2013","rural13"
"01001","AL","Autauga",2,0
"01003","AL","Baldwin",3,0
"01005","AL","Barbour",6,1
"01007","AL","Bibb",1,0
"01009","AL","Blount",1,0
"01011","AL","Bullock",6,1
"01013","AL","Butler",6,1
"01015","AL","Calhoun",3,0
"01017","AL","Chambers",6,1
"01019","AL","Cherokee",6,1
"01021","AL","Chilton",1,0
"01023","AL","Choctaw",9,1
"01025","AL","Clarke",7,1
"01027","AL","Clay",9,1
"01029","AL","Cleburne",8,1
"01031","AL","Coffee",4,1
"01033","AL","Colbert",3,0
"01035","AL","Conecuh",7,1
"01037","AL","Coosa",8,1
"01039","AL","Covington",6,1
"01041","AL","Crenshaw",8,1
"01043","AL","Cullman",4,1
"01045","AL","Dale",4,1
"01047","AL","Dallas",4,1
"01049","AL","DeKalb",6,1
"01051","AL","Elmore",2,0
"01053","AL","Escambia",6,1
"01055","AL","Etowah",3,0
"01057","AL","Fayette",6,1
"01059","AL","Franklin",6,1
"01061","AL","Geneva",3,0
"01063","AL","Greene",8,1
"01065","AL","Hale",3,0
"01067","AL","Henry",3,0
"01069","AL","Houston",3,0
"01071","AL","Jackson",6,1
"01073","AL","Jefferson",1,0
"01075","AL","Lamar",8,1
"01077","AL","Lauderdale",3,0
"01079","AL","Lawrence",3,0
"01081","AL","Lee",3,0
"01083","AL","Limestone",2,0
"01085","AL","Lowndes",2,0
"01087","AL","Macon",6,1
"01089","AL","Madison",2,0
"01091","AL","Marengo",7,1
"01093","AL","Marion",7,1
"01095","AL","Marshall",4,1
"01097","AL","Mobile",2,0
"01099","AL","Monroe",7,1
"01101","AL","Montgomery",2,0
"01103","AL","Morgan",3,0
"01105","AL","Perry",8,1
"01107","AL","Pickens",3,0
"01109","AL","Pike",6,1
"01111","AL","Randolph",6,1
"01113","AL","Russell",2,0
"01115","AL","St. Clair",1,0
"01117","AL","Shelby",1,0
"01119","AL","Sumter",8,1
"01121","AL","Talladega",4,1
"01123","AL","Tallapoosa",6,1
"01125","AL","Tuscaloosa",3,0
"01127","AL","Walker",1,0
"01129","AL","Washington",8,1
"01131","AL","Wilcox",9,1
"01133","AL","Winston",6,1
"02013","AK","Aleutians East Borough",9,1
"02016","AK","Aleutians West Census Area",9,1
"02020","AK","Anchorage Municipality",2,0
"02050","AK","Bethel Census Area",7,1
"02060","AK","Bristol Bay Borough",9,1
"02068","AK","Denali Borough",8,1
"02070","AK","Dillingham Census Area",9,1
"02090","AK","Fairbanks North Star Borough",3,0
"02100","AK","Haines Borough",9,1
"02105","AK","Hoonah-Angoon Census Area, AK",9,1
"02110","AK","Juneau City and Borough",5,1
"02122","AK","Kenai Peninsula Borough",7,1
"02130","AK","Ketchikan Gateway Borough",7,1
"02150","AK","Kodiak Island Borough",7,1
"02164","AK","Lake and Peninsula Borough",9,1
"02170","AK","Matanuska-Susitna Borough",2,0
"02180","AK","Nome Census Area",7,1
"02185","AK","North Slope Borough",7,1
"02188","AK","Northwest Arctic Borough",7,1
"02195","AK","Petersburg Census area",9,1
"02198","AK","Price of Wales Hyder Census Area",9,1
"02220","AK","Sitka City and Borough",7,1
"02230","AK","Skagway Municipality",9,1
"02240","AK","Southeast Fairbanks Census Area",9,1
"02261","AK","Valdez-Cordova Census Area",9,1
"02270","AK","Wade Hampton Census Area",9,1
"02275","AK","Wrangell City and Borough",9,1
"02282","AK","Yakutat City and Borough",9,1
"02290","AK","Yukon-Koyukuk Census Area",9,1
"04001","AZ","Apache",6,1
"04003","AZ","Cochise",3,0
"04005","AZ","Coconino",3,0
"04007","AZ","Gila",4,1
"04009","AZ","Graham",7,1
"04011","AZ","Greenlee",7,1
"04012","AZ","La Paz",6,1
"04013","AZ","Maricopa",1,0
"04015","AZ","Mohave",3,0
"04017","AZ","Navajo",4,1
"04019","AZ","Pima",2,0
"04021","AZ","Pinal",1,0
"04023","AZ","Santa Cruz",4,1
"04025","AZ","Yavapai",3,0
"04027","AZ","Yuma",3,0
"05001","AR","Arkansas",6,1
"05003","AR","Ashley",7,1
"05005","AR","Baxter",7,1
"05007","AR","Benton",2,0
"05009","AR","Boone",7,1
"05011","AR","Bradley",7,1
"05013","AR","Calhoun",9,1
"05015","AR","Carroll",6,1
"05017","AR","Chicot",7,1
"05019","AR","Clark",7,1
"05021","AR","Clay",7,1
"05023","AR","Cleburne",6,1
"05025","AR","Cleveland",3,0
"05027","AR","Columbia",7,1
"05029","AR","Conway",6,1
"05031","AR","Craighead",3,0
"05033","AR","Crawford",2,0
"05035","AR","Crittenden",1,0
"05037","AR","Cross",6,1
"05039","AR","Dallas",6,1
"05041","AR","Desha",6,1
"05043","AR","Drew",6,1
"05045","AR","Faulkner",2,0
"05047","AR","Franklin",6,1
"05049","AR","Fulton",9,1
"05051","AR","Garland",3,0
"05053","AR","Grant",2,0
"05055","AR","Greene",4,1
"05057","AR","Hempstead",6,1
"05059","AR","Hot Spring",6,1
"05061","AR","Howard",6,1
"05063","AR","Independence",7,1
"05065","AR","Izard",9,1
"05067","AR","Jackson",6,1
"05069","AR","Jefferson",3,0
"05071","AR","Johnson",7,1
"05073","AR","Lafayette",8,1
"05075","AR","Lawrence",6,1
"05077","AR","Lee",7,1
"05079","AR","Lincoln",3,0
"05081","AR","Little River",3,0
"05083","AR","Logan",6,1
"05085","AR","Lonoke",2,0
"05087","AR","Madison",2,0
"05089","AR","Marion",9,1
"05091","AR","Miller",3,0
"05093","AR","Mississippi",4,1
"05095","AR","Monroe",7,1
"05097","AR","Montgomery",8,1
"05099","AR","Nevada",7,1
"05101","AR","Newton",9,1
"05103","AR","Ouachita",7,1
"05105","AR","Perry",2,0
"05107","AR","Phillips",6,1
"05109","AR","Pike",9,1
"05111","AR","Poinsett",3,0
"05113","AR","Polk",7,1
"05115","AR","Pope",5,1
"05117","AR","Prairie",8,1
"05119","AR","Pulaski",2,0
"05121","AR","Randolph",7,1
"05123","AR","St. Francis",6,1
"05125","AR","Saline",2,0
"05127","AR","Scott",6,1
"05129","AR","Searcy",9,1
"05131","AR","Sebastian",2,0
"05133","AR","Sevier",6,1
"05135","AR","Sharp",7,1
"05137","AR","Stone",9,1
"05139","AR","Union",7,1
"05141","AR","Van Buren",8,1
"05143","AR","Washington",2,0
"05145","AR","White",4,1
"05147","AR","Woodruff",9,1
"05149","AR","Yell",6,1
"06001","CA","Alameda",1,0
"06003","CA","Alpine",8,1
"06005","CA","Amador",6,1
"06007","CA","Butte",3,0
"06009","CA","Calaveras",6,1
"06011","CA","Colusa",6,1
"06013","CA","Contra Costa",1,0
"06015","CA","Del Norte",7,1
"06017","CA","El Dorado",1,0
"06019","CA","Fresno",2,0
"06021","CA","Glenn",6,1
"06023","CA","Humboldt",5,1
"06025","CA","Imperial",3,0
"06027","CA","Inyo",7,1
"06029","CA","Kern",2,0
"06031","CA","Kings",3,0
"06033","CA","Lake",4,1
"06035","CA","Lassen",7,1
"06037","CA","Los Angeles",1,0
"06039","CA","Madera",3,0
"06041","CA","Marin",1,0
"06043","CA","Mariposa",8,1
"06045","CA","Mendocino",4,1
"06047","CA","Merced",2,0
"06049","CA","Modoc",6,1
"06051","CA","Mono",7,1
"06053","CA","Monterey",2,0
"06055","CA","Napa",3,0
"06057","CA","Nevada",4,1
"06059","CA","Orange",1,0
"06061","CA","Placer",1,0
"06063","CA","Plumas",7,1
"06065","CA","Riverside",1,0
"06067","CA","Sacramento",1,0
"06069","CA","San Benito",1,0
"06071","CA","San Bernardino",1,0
"06073","CA","San Diego",1,0
"06075","CA","San Francisco",1,0
"06077","CA","San Joaquin",2,0
"06079","CA","San Luis Obispo",2,0
"06081","CA","San Mateo",1,0
"06083","CA","Santa Barbara",2,0
"06085","CA","Santa Clara",1,0
"06087","CA","Santa Cruz",2,0
"06089","CA","Shasta",3,0
"06091","CA","Sierra",8,1
"06093","CA","Siskiyou",6,1
"06095","CA","Solano",2,0
"06097","CA","Sonoma",2,0
"06099","CA","Stanislaus",2,0
"06101","CA","Sutter",3,0
"06103","CA","Tehama",4,1
"06105","CA","Trinity",8,1
"06107","CA","Tulare",2,0
"06109","CA","Tuolumne",4,1
"06111","CA","Ventura",2,0
"06113","CA","Yolo",1,0
"06115","CA","Yuba",3,0
"08001","CO","Adams",1,0
"08003","CO","Alamosa",7,1
"08005","CO","Arapahoe",1,0
"08007","CO","Archuleta",7,1
"08009","CO","Baca",9,1
"08011","CO","Bent",7,1
"08013","CO","Boulder",2,0
"08014","CO","Broomfield",1,0
"08015","CO","Chaffee",7,1
"08017","CO","Cheyenne",9,1
"08019","CO","Clear Creek",1,0
"08021","CO","Conejos",9,1
"08023","CO","Costilla",9,1
"08025","CO","Crowley",8,1
"08027","CO","Custer",8,1
"08029","CO","Delta",6,1
"08031","CO","Denver",1,0
"08033","CO","Dolores",9,1
"08035","CO","Douglas",1,0
"08037","CO","Eagle",5,1
"08039","CO","Elbert",1,0
"08041","CO","El Paso",2,0
"08043","CO","Fremont",4,1
"08045","CO","Garfield",5,1
"08047","CO","Gilpin",1,0
"08049","CO","Grand",7,1
"08051","CO","Gunnison",7,1
"08053","CO","Hinsdale",9,1
"08055","CO","Huerfano",6,1
"08057","CO","Jackson",9,1
"08059","CO","Jefferson",1,0
"08061","CO","Kiowa",9,1
"08063","CO","Kit Carson",7,1
"08065","CO","Lake",6,1
"08067","CO","La Plata",4,1
"08069","CO","Larimer",2,0
"08071","CO","Las Animas",7,1
"08073","CO","Lincoln",8,1
"08075","CO","Logan",7,1
"08077","CO","Mesa",3,0
"08079","CO","Mineral",9,1
"08081","CO","Moffat",7,1
"08083","CO","Montezuma",6,1
"08085","CO","Montrose",4,1
"08087","CO","Morgan",6,1
"08089","CO","Otero",6,1
"08091","CO","Ouray",9,1
"08093","CO","Park",1,0
"08095","CO","Phillips",9,1
"08097","CO","Pitkin",7,1
"08099","CO","Prowers",7,1
"08101","CO","Pueblo",3,0
"08103","CO","Rio Blanco",9,1
"08105","CO","Rio Grande",7,1
"08107","CO","Routt",7,1
"08109","CO","Saguache",9,1
"08111","CO","San Juan",9,1
"08113","CO","San Miguel",9,1
"08115","CO","Sedgwick",9,1
"08117","CO","Summit",5,1
"08119","CO","Teller",2,0
"08121","CO","Washington",9,1
"08123","CO","Weld",2,0
"08125","CO","Yuma",7,1
"09001","CT","Fairfield",2,0
"09003","CT","Hartford",1,0
"09005","CT","Litchfield",4,1
"09007","CT","Middlesex",1,0
"09009","CT","New Haven",2,0
"09011","CT","New London",2,0
"09013","CT","Tolland",1,0
"09015","CT","Windham",2,0
"10001","DE","Kent",3,0
"10003","DE","New Castle",1,0
"10005","DE","Sussex",2,0
"11001","DC","District of Columbia",1,0
"12001","FL","Alachua",2,0
"12003","FL","Baker",1,0
"12005","FL","Bay",3,0
"12007","FL","Bradford",6,1
"12009","FL","Brevard",2,0
"12011","FL","Broward",1,0
"12013","FL","Calhoun",6,1
"12015","FL","Charlotte",3,0
"12017","FL","Citrus",3,0
"12019","FL","Clay",1,0
"12021","FL","Collier",2,0
"12023","FL","Columbia",4,1
"12027","FL","DeSoto",6,1
"12029","FL","Dixie",6,1
"12031","FL","Duval",1,0
"12033","FL","Escambia",2,0
"12035","FL","Flagler",2,0
"12037","FL","Franklin",6,1
"12039","FL","Gadsden",2,0
"12041","FL","Gilchrist",2,0
"12043","FL","Glades",6,1
"12045","FL","Gulf",3,0
"12047","FL","Hamilton",6,1
"12049","FL","Hardee",6,1
"12051","FL","Hendry",4,1
"12053","FL","Hernando",1,0
"12055","FL","Highlands",3,0
"12057","FL","Hillsborough",1,0
"12059","FL","Holmes",6,1
"12061","FL","Indian River",3,0
"12063","FL","Jackson",6,1
"12065","FL","Jefferson",2,0
"12067","FL","Lafayette",9,1
"12069","FL","Lake",1,0
"12071","FL","Lee",2,0
"12073","FL","Leon",2,0
"12075","FL","Levy",6,1
"12077","FL","Liberty",8,1
"12079","FL","Madison",6,1
"12081","FL","Manatee",2,0
"12083","FL","Marion",2,0
"12085","FL","Martin",2,0
"12086","FL","Miami-Dade",1,0
"12087","FL","Monroe",4,1
"12089","FL","Nassau",1,0
"12091","FL","Okaloosa",3,0
"12093","FL","Okeechobee",4,1
"12095","FL","Orange",1,0
"12097","FL","Osceola",1,0
"12099","FL","Palm Beach",1,0
"12101","FL","Pasco",1,0
"12103","FL","Pinellas",1,0
"12105","FL","Polk",2,0
"12107","FL","Putnam",4,1
"12109","FL","St. Johns",1,0
"12111","FL","St. Lucie",2,0
"12113","FL","Santa Rosa",2,0
"12115","FL","Sarasota",2,0
"12117","FL","Seminole",1,0
"12119","FL","Sumter",3,0
"12121","FL","Suwannee",6,1
"12123","FL","Taylor",6,1
"12125","FL","Union",6,1
"12127","FL","Volusia",2,0
"12129","FL","Wakulla",2,0
"12131","FL","Walton",3,0
"12133","FL","Washington",6,1
"13001","GA","Appling",7,1
"13003","GA","Atkinson",9,1
"13005","GA","Bacon",7,1
"13007","GA","Baker",3,0
"13009","GA","Baldwin",4,1
"13011","GA","Banks",8,1
"13013","GA","Barrow",1,0
"13015","GA","Bartow",1,0
"13017","GA","Ben Hill",7,1
"13019","GA","Berrien",6,1
"13021","GA","Bibb",3,0
"13023","GA","Bleckley",6,1
"13025","GA","Brantley",3,0
"13027","GA","Brooks",3,0
"13029","GA","Bryan",2,0
"13031","GA","Bulloch",4,1
"13033","GA","Burke",2,0
"13035","GA","Butts",1,0
"13037","GA","Calhoun",8,1
"13039","GA","Camden",4,1
"13043","GA","Candler",7,1
"13045","GA","Carroll",1,0
"13047","GA","Catoosa",2,0
"13049","GA","Charlton",6,1
"13051","GA","Chatham",2,0
"13053","GA","Chattahoochee",2,0
"13055","GA","Chattooga",6,1
"13057","GA","Cherokee",1,0
"13059","GA","Clarke",3,0
"13061","GA","Clay",9,1
"13063","GA","Clayton",1,0
"13065","GA","Clinch",6,1
"13067","GA","Cobb",1,0
"13069","GA","Coffee",7,1
"13071","GA","Colquitt",6,1
"13073","GA","Columbia",2,0
"13075","GA","Cook",6,1
"13077","GA","Coweta",1,0
"13079","GA","Crawford",3,0
"13081","GA","Crisp",6,1
"13083","GA","Dade",2,0
"13085","GA","Dawson",1,0
"13087","GA","Decatur",6,1
"13089","GA","DeKalb",1,0
"13091","GA","Dodge",6,1
"13093","GA","Dooly",6,1
"13095","GA","Dougherty",3,0
"13097","GA","Douglas",1,0
"13099","GA","Early",6,1
"13101","GA","Echols",3,0
"13103","GA","Effingham",2,0
"13105","GA","Elbert",6,1
"13107","GA","Emanuel",7,1
"13109","GA","Evans",6,1
"13111","GA","Fannin",8,1
"13113","GA","Fayette",1,0
"13115","GA","Floyd",3,0
"13117","GA","Forsyth",1,0
"13119","GA","Franklin",8,1
"13121","GA","Fulton",1,0
"13123","GA","Gilmer",6,1
"13125","GA","Glascock",9,1
"13127","GA","Glynn",3,0
"13129","GA","Gordon",4,1
"13131","GA","Grady",6,1
"13133","GA","Greene",6,1
"13135","GA","Gwinnett",1,0
"13137","GA","Habersham",6,1
"13139","GA","Hall",3,0
"13141","GA","Hancock",7,1
"13143","GA","Haralson",1,0
"13145","GA","Harris",2,0
"13147","GA","Hart",6,1
"13149","GA","Heard",1,0
"13151","GA","Henry",1,0
"13153","GA","Houston",3,0
"13155","GA","Irwin",7,1
"13157","GA","Jackson",4,1
"13159","GA","Jasper",1,0
"13161","GA","Jeff Davis",7,1
"13163","GA","Jefferson",6,1
"13165","GA","Jenkins",6,1
"13167","GA","Johnson",7,1
"13169","GA","Jones",3,0
"13171","GA","Lamar",1,0
"13173","GA","Lanier",3,0
"13175","GA","Laurens",5,1
"13177","GA","Lee",3,0
"13179","GA","Liberty",3,0
"13181","GA","Lincoln",2,0
"13183","GA","Long",3,0
"13185","GA","Lowndes",3,0
"13187","GA","Lumpkin",6,1
"13189","GA","McDuffie",2,0
"13191","GA","McIntosh",3,0
"13193","GA","Macon",6,1
"13195","GA","Madison",3,0
"13197","GA","Marion",2,0
"13199","GA","Meriwether",1,0
"13201","GA","Miller",8,1
"13205","GA","Mitchell",6,1
"13207","GA","Monroe",3,0
"13209","GA","Montgomery",9,1
"13211","GA","Morgan",1,0
"13213","GA","Murray",3,0
"13215","GA","Muscogee",2,0
"13217","GA","Newton",1,0
"13219","GA","Oconee",3,0
"13221","GA","Oglethorpe",3,0
"13223","GA","Paulding",1,0
"13225","GA","Peach",3,0
"13227","GA","Pickens",1,0
"13229","GA","Pierce",6,1
"13231","GA","Pike",1,0
"13233","GA","Polk",4,1
"13235","GA","Pulaski",3,0
"13237","GA","Putnam",6,1
"13239","GA","Quitman",9,1
"13241","GA","Rabun",7,1
"13243","GA","Randolph",6,1
"13245","GA","Richmond",2,0
"13247","GA","Rockdale",1,0
"13249","GA","Schley",8,1
"13251","GA","Screven",6,1
"13253","GA","Seminole",6,1
"13255","GA","Spalding",1,0
"13257","GA","Stephens",7,1
"13259","GA","Stewart",8,1
"13261","GA","Sumter",6,1
"13263","GA","Talbot",8,1
"13265","GA","Taliaferro",8,1
"13267","GA","Tattnall",6,1
"13269","GA","Taylor",8,1
"13271","GA","Telfair",7,1
"13273","GA","Terrell",3,0
"13275","GA","Thomas",4,1
"13277","GA","Tift",5,1
"13279","GA","Toombs",7,1
"13281","GA","Towns",9,1
"13283","GA","Treutlen",7,1
"13285","GA","Troup",4,1
"13287","GA","Turner",6,1
"13289","GA","Twiggs",3,0
"13291","GA","Union",9,1
"13293","GA","Upson",6,1
"13295","GA","Walker",2,0
"13297","GA","Walton",1,0
"13299","GA","Ware",5,1
"13301","GA","Warren",8,1
"13303","GA","Washington",7,1
"13305","GA","Wayne",6,1
"13307","GA","Webster",8,1
"13309","GA","Wheeler",9,1
"13311","GA","White",6,1
"13313","GA","Whitfield",3,0
"13315","GA","Wilcox",8,1
"13317","GA","Wilkes",6,1
"13319","GA","Wilkinson",8,1
"13321","GA","Worth",3,0
"15001","HI","Hawaii",5,1
"15003","HI","Honolulu",2,0
"15005","HI","Kalawao",3,0
"15007","HI","Kauai",5,1
"15009","HI","Maui",3,0
"16001","ID","Ada",2,0
"16003","ID","Adams",9,1
"16005","ID","Bannock",3,0
"16007","ID","Bear Lake",9,1
"16009","ID","Benewah",6,1
"16011","ID","Bingham",4,1
"16013","ID","Blaine",7,1
"16015","ID","Boise",2,0
"16017","ID","Bonner",6,1
"16019","ID","Bonneville",3,0
"16021","ID","Boundary",7,1
"16023","ID","Butte",3,0
"16025","ID","Camas",9,1
"16027","ID","Canyon",2,0
"16029","ID","Caribou",6,1
"16031","ID","Cassia",7,1
"16033","ID","Clark",9,1
"16035","ID","Clearwater",6,1
"16037","ID","Custer",8,1
"16039","ID","Elmore",6,1
"16041","ID","Franklin",3,0
"16043","ID","Fremont",6,1
"16045","ID","Gem",2,0
"16047","ID","Gooding",7,1
"16049","ID","Idaho",6,1
"16051","ID","Jefferson",3,0
"16053","ID","Jerome",7,1
"16055","ID","Kootenai",3,0
"16057","ID","Latah",4,1
"16059","ID","Lemhi",7,1
"16061","ID","Lewis",8,1
"16063","ID","Lincoln",9,1
"16065","ID","Madison",4,1
"16067","ID","Minidoka",7,1
"16069","ID","Nez Perce",3,0
"16071","ID","Oneida",8,1
"16073","ID","Owyhee",2,0
"16075","ID","Payette",6,1
"16077","ID","Power",6,1
"16079","ID","Shoshone",6,1
"16081","ID","Teton",9,1
"16083","ID","Twin Falls",5,1
"16085","ID","Valley",8,1
"16087","ID","Washington",6,1
"17001","IL","Adams",5,1
"17003","IL","Alexander",3,0
"17005","IL","Bond",1,0
"17007","IL","Boone",2,0
"17009","IL","Brown",7,1
"17011","IL","Bureau",7,1
"17013","IL","Calhoun",1,0
"17015","IL","Carroll",7,1
"17017","IL","Cass",6,1
"17019","IL","Champaign",3,0
"17021","IL","Christian",6,1
"17023","IL","Clark",6,1
"17025","IL","Clay",7,1
"17027","IL","Clinton",1,0
"17029","IL","Coles",5,1
"17031","IL","Cook",1,0
"17033","IL","Crawford",7,1
"17035","IL","Cumberland",9,1
"17037","IL","DeKalb",1,0
"17039","IL","De Witt",3,0
"17041","IL","Douglas",6,1
"17043","IL","DuPage",1,0
"17045","IL","Edgar",6,1
"17047","IL","Edwards",9,1
"17049","IL","Effingham",7,1
"17051","IL","Fayette",6,1
"17053","IL","Ford",3,0
"17055","IL","Franklin",4,1
"17057","IL","Fulton",6,1
"17059","IL","Gallatin",8,1
"17061","IL","Greene",6,1
"17063","IL","Grundy",1,0
"17065","IL","Hamilton",7,1
"17067","IL","Hancock",7,1
"17069","IL","Hardin",9,1
"17071","IL","Henderson",9,1
"17073","IL","Henry",2,0
"17075","IL","Iroquois",6,1
"17077","IL","Jackson",3,0
"17079","IL","Jasper",7,1
"17081","IL","Jefferson",7,1
"17083","IL","Jersey",1,0
"17085","IL","Jo Daviess",6,1
"17087","IL","Johnson",8,1
"17089","IL","Kane",1,0
"17091","IL","Kankakee",3,0
"17093","IL","Kendall",1,0
"17095","IL","Knox",4,1
"17097","IL","Lake",1,0
"17099","IL","La Salle",4,1
"17101","IL","Lawrence",7,1
"17103","IL","Lee",6,1
"17105","IL","Livingston",4,1
"17107","IL","Logan",6,1
"17109","IL","McDonough",5,1
"17111","IL","McHenry",1,0
"17113","IL","McLean",3,0
"17115","IL","Macon",3,0
"17117","IL","Macoupin",1,0
"17119","IL","Madison",1,0
"17121","IL","Marion",4,1
"17123","IL","Marshall",2,0
"17125","IL","Mason",6,1
"17127","IL","Massac",7,1
"17129","IL","Menard",3,0
"17131","IL","Mercer",2,0
"17133","IL","Monroe",1,0
"17135","IL","Montgomery",6,1
"17137","IL","Morgan",4,1
"17139","IL","Moultrie",6,1
"17141","IL","Ogle",4,1
"17143","IL","Peoria",2,0
"17145","IL","Perry",6,1
"17147","IL","Piatt",3,0
"17149","IL","Pike",7,1
"17151","IL","Pope",8,1
"17153","IL","Pulaski",8,1
"17155","IL","Putnam",8,1
"17157","IL","Randolph",6,1
"17159","IL","Richland",7,1
"17161","IL","Rock Island",2,0
"17163","IL","St. Clair",1,0
"17165","IL","Saline",6,1
"17167","IL","Sangamon",3,0
"17169","IL","Schuyler",7,1
"17171","IL","Scott",9,1
"17173","IL","Shelby",6,1
"17175","IL","Stark",2,0
"17177","IL","Stephenson",4,1
"17179","IL","Tazewell",2,0
"17181","IL","Union",6,1
"17183","IL","Vermilion",3,0
"17185","IL","Wabash",7,1
"17187","IL","Warren",6,1
"17189","IL","Washington",6,1
"17191","IL","Wayne",7,1
"17193","IL","White",6,1
"17195","IL","Whiteside",4,1
"17197","IL","Will",1,0
"17199","IL","Williamson",3,0
"17201","IL","Winnebago",2,0
"17203","IL","Woodford",2,0
"18001","IN","Adams",6,1
"18003","IN","Allen",2,0
"18005","IN","Bartholomew",3,0
"18007","IN","Benton",3,0
"18009","IN","Blackford",6,1
"18011","IN","Boone",1,0
"18013","IN","Brown",1,0
"18015","IN","Carroll",3,0
"18017","IN","Cass",4,1
"18019","IN","Clark",1,0
"18021","IN","Clay",3,0
"18023","IN","Clinton",6,1
"18025","IN","Crawford",8,1
"18027","IN","Daviess",7,1
"18029","IN","Dearborn",1,0
"18031","IN","Decatur",6,1
"18033","IN","DeKalb",4,1
"18035","IN","Delaware",3,0
"18037","IN","Dubois",5,1
"18039","IN","Elkhart",3,0
"18041","IN","Fayette",6,1
"18043","IN","Floyd",1,0
"18045","IN","Fountain",6,1
"18047","IN","Franklin",6,1
"18049","IN","Fulton",7,1
"18051","IN","Gibson",6,1
"18053","IN","Grant",4,1
"18055","IN","Greene",6,1
"18057","IN","Hamilton",1,0
"18059","IN","Hancock",1,0
"18061","IN","Harrison",1,0
"18063","IN","Hendricks",1,0
"18065","IN","Henry",4,1
"18067","IN","Howard",3,0
"18069","IN","Huntington",6,1
"18071","IN","Jackson",4,1
"18073","IN","Jasper",1,0
"18075","IN","Jay",6,1
"18077","IN","Jefferson",6,1
"18079","IN","Jennings",6,1
"18081","IN","Johnson",1,0
"18083","IN","Knox",5,1
"18085","IN","Kosciusko",4,1
"18087","IN","LaGrange",6,1
"18089","IN","Lake",1,0
"18091","IN","LaPorte",3,0
"18093","IN","Lawrence",6,1
"18095","IN","Madison",1,0
"18097","IN","Marion",1,0
"18099","IN","Marshall",6,1
"18101","IN","Martin",7,1
"18103","IN","Miami",6,1
"18105","IN","Monroe",3,0
"18107","IN","Montgomery",6,1
"18109","IN","Morgan",1,0
"18111","IN","Newton",1,0
"18113","IN","Noble",6,1
"18115","IN","Ohio",1,0
"18117","IN","Orange",6,1
"18119","IN","Owen",3,0
"18121","IN","Parke",6,1
"18123","IN","Perry",6,1
"18125","IN","Pike",8,1
"18127","IN","Porter",1,0
"18129","IN","Posey",2,0
"18131","IN","Pulaski",6,1
"18133","IN","Putnam",1,0
"18135","IN","Randolph",6,1
"18137","IN","Ripley",6,1
"18139","IN","Rush",6,1
"18141","IN","St. Joseph",2,0
"18143","IN","Scott",1,0
"18145","IN","Shelby",1,0
"18147","IN","Spencer",8,1
"18149","IN","Starke",6,1
"18151","IN","Steuben",7,1
"18153","IN","Sullivan",3,0
"18155","IN","Switzerland",8,1
"18157","IN","Tippecanoe",3,0
"18159","IN","Tipton",6,1
"18161","IN","Union",1,0
"18163","IN","Vanderburgh",2,0
"18165","IN","Vermillion",3,0
"18167","IN","Vigo",3,0
"18169","IN","Wabash",6,1
"18171","IN","Warren",8,1
"18173","IN","Warrick",2,0
"18175","IN","Washington",1,0
"18177","IN","Wayne",5,1
"18179","IN","Wells",2,0
"18181","IN","White",6,1
"18183","IN","Whitley",2,0
"19001","IA","Adair",8,1
"19003","IA","Adams",9,1
"19005","IA","Allamakee",6,1
"19007","IA","Appanoose",7,1
"19009","IA","Audubon",8,1
"19011","IA","Benton",2,0
"19013","IA","Black Hawk",3,0
"19015","IA","Boone",6,1
"19017","IA","Bremer",3,0
"19019","IA","Buchanan",6,1
"19021","IA","Buena Vista",7,1
"19023","IA","Butler",8,1
"19025","IA","Calhoun",9,1
"19027","IA","Carroll",7,1
"19029","IA","Cass",6,1
"19031","IA","Cedar",6,1
"19033","IA","Cerro Gordo",5,1
"19035","IA","Cherokee",6,1
"19037","IA","Chickasaw",6,1
"19039","IA","Clarke",6,1
"19041","IA","Clay",7,1
"19043","IA","Clayton",8,1
"19045","IA","Clinton",4,1
"19047","IA","Crawford",7,1
"19049","IA","Dallas",2,0
"19051","IA","Davis",9,1
"19053","IA","Decatur",9,1
"19055","IA","Delaware",6,1
"19057","IA","Des Moines",5,1
"19059","IA","Dickinson",7,1
"19061","IA","Dubuque",3,0
"19063","IA","Emmet",7,1
"19065","IA","Fayette",6,1
"19067","IA","Floyd",7,1
"19069","IA","Franklin",7,1
"19071","IA","Fremont",8,1
"19073","IA","Greene",6,1
"19075","IA","Grundy",3,0
"19077","IA","Guthrie",2,0
"19079","IA","Hamilton",6,1
"19081","IA","Hancock",7,1
"19083","IA","Hardin",6,1
"19085","IA","Harrison",2,0
"19087","IA","Henry",6,1
"19089","IA","Howard",6,1
"19091","IA","Humboldt",7,1
"19093","IA","Ida",8,1
"19095","IA","Iowa",6,1
"19097","IA","Jackson",6,1
"19099","IA","Jasper",6,1
"19101","IA","Jefferson",7,1
"19103","IA","Johnson",3,0
"19105","IA","Jones",2,0
"19107","IA","Keokuk",8,1
"19109","IA","Kossuth",7,1
"19111","IA","Lee",5,1
"19113","IA","Linn",2,0
"19115","IA","Louisa",8,1
"19117","IA","Lucas",6,1
"19119","IA","Lyon",8,1
"19121","IA","Madison",2,0
"19123","IA","Mahaska",7,1
"19125","IA","Marion",6,1
"19127","IA","Marshall",4,1
"19129","IA","Mills",2,0
"19131","IA","Mitchell",7,1
"19133","IA","Monona",6,1
"19135","IA","Monroe",7,1
"19137","IA","Montgomery",6,1
"19139","IA","Muscatine",4,1
"19141","IA","O'Brien",7,1
"19143","IA","Osceola",7,1
"19145","IA","Page",6,1
"19147","IA","Palo Alto",7,1
"19149","IA","Plymouth",3,0
"19151","IA","Pocahontas",9,1
"19153","IA","Polk",2,0
"19155","IA","Pottawattamie",2,0
"19157","IA","Poweshiek",7,1
"19159","IA","Ringgold",9,1
"19161","IA","Sac",9,1
"19163","IA","Scott",2,0
"19165","IA","Shelby",6,1
"19167","IA","Sioux",7,1
"19169","IA","Story",3,0
"19171","IA","Tama",6,1
"19173","IA","Taylor",9,1
"19175","IA","Union",6,1
"19177","IA","Van Buren",9,1
"19179","IA","Wapello",5,1
"19181","IA","Warren",2,0
"19183","IA","Washington",3,0
"19185","IA","Wayne",9,1
"19187","IA","Webster",5,1
"19189","IA","Winnebago",7,1
"19191","IA","Winneshiek",7,1
"19193","IA","Woodbury",3,0
"19195","IA","Worth",9,1
"19197","IA","Wright",7,1
"20001","KS","Allen",7,1
"20003","KS","Anderson",6,1
"20005","KS","Atchison",6,1
"20007","KS","Barber",9,1
"20009","KS","Barton",7,1
"20011","KS","Bourbon",6,1
"20013","KS","Brown",6,1
"20015","KS","Butler",2,0
"20017","KS","Chase",9,1
"20019","KS","Chautauqua",8,1
"20021","KS","Cherokee",6,1
"20023","KS","Cheyenne",9,1
"20025","KS","Clark",9,1
"20027","KS","Clay",6,1
"20029","KS","Cloud",7,1
"20031","KS","Coffey",6,1
"20033","KS","Comanche",9,1
"20035","KS","Cowley",4,1
"20037","KS","Crawford",4,1
"20039","KS","Decatur",9,1
"20041","KS","Dickinson",7,1
"20043","KS","Doniphan",3,0
"20045","KS","Douglas",3,0
"20047","KS","Edwards",9,1
"20049","KS","Elk",8,1
"20051","KS","Ellis",5,1
"20053","KS","Ellsworth",7,1
"20055","KS","Finney",5,1
"20057","KS","Ford",5,1
"20059","KS","Franklin",6,1
"20061","KS","Geary",4,1
"20063","KS","Gove",9,1
"20065","KS","Graham",9,1
"20067","KS","Grant",7,1
"20069","KS","Gray",9,1
"20071","KS","Greeley",9,1
"20073","KS","Greenwood",6,1
"20075","KS","Hamilton",9,1
"20077","KS","Harper",8,1
"20079","KS","Harvey",2,0
"20081","KS","Haskell",9,1
"20083","KS","Hodgeman",9,1
"20085","KS","Jackson",3,0
"20087","KS","Jefferson",3,0
"20089","KS","Jewell",9,1
"20091","KS","Johnson",1,0
"20093","KS","Kearny",9,1
"20095","KS","Kingman",2,0
"20097","KS","Kiowa",9,1
"20099","KS","Labette",7,1
"20101","KS","Lane",9,1
"20103","KS","Leavenworth",1,0
"20105","KS","Lincoln",9,1
"20107","KS","Linn",1,0
"20109","KS","Logan",9,1
"20111","KS","Lyon",4,1
"20113","KS","McPherson",7,1
"20115","KS","Marion",6,1
"20117","KS","Marshall",6,1
"20119","KS","Meade",9,1
"20121","KS","Miami",1,0
"20123","KS","Mitchell",7,1
"20125","KS","Montgomery",5,1
"20127","KS","Morris",8,1
"20129","KS","Morton",9,1
"20131","KS","Nemaha",6,1
"20133","KS","Neosho",7,1
"20135","KS","Ness",9,1
"20137","KS","Norton",7,1
"20139","KS","Osage",3,0
"20141","KS","Osborne",9,1
"20143","KS","Ottawa",9,1
"20145","KS","Pawnee",7,1
"20147","KS","Phillips",7,1
"20149","KS","Pottawatomie",3,0
"20151","KS","Pratt",7,1
"20153","KS","Rawlins",9,1
"20155","KS","Reno",4,1
"20157","KS","Republic",9,1
"20159","KS","Rice",7,1
"20161","KS","Riley",3,0
"20163","KS","Rooks",9,1
"20165","KS","Rush",9,1
"20167","KS","Russell",7,1
"20169","KS","Saline",5,1
"20171","KS","Scott",7,1
"20173","KS","Sedgwick",2,0
"20175","KS","Seward",5,1
"20177","KS","Shawnee",3,0
"20179","KS","Sheridan",9,1
"20181","KS","Sherman",7,1
"20183","KS","Smith",9,1
"20185","KS","Stafford",9,1
"20187","KS","Stanton",9,1
"20189","KS","Stevens",7,1
"20191","KS","Sumner",2,0
"20193","KS","Thomas",7,1
"20195","KS","Trego",9,1
"20197","KS","Wabaunsee",3,0
"20199","KS","Wallace",9,1
"20201","KS","Washington",9,1
"20203","KS","Wichita",9,1
"20205","KS","Wilson",7,1
"20207","KS","Woodson",9,1
"20209","KS","Wyandotte",1,0
"21001","KY","Adair",7,1
"21003","KY","Allen",3,0
"21005","KY","Anderson",6,1
"21007","KY","Ballard",9,1
"21009","KY","Barren",6,1
"21011","KY","Bath",8,1
"21013","KY","Bell",7,1
"21015","KY","Boone",1,0
"21017","KY","Bourbon",2,0
"21019","KY","Boyd",2,0
"21021","KY","Boyle",7,1
"21023","KY","Bracken",1,0
"21025","KY","Breathitt",7,1
"21027","KY","Breckinridge",8,1
"21029","KY","Bullitt",1,0
"21031","KY","Butler",3,0
"21033","KY","Caldwell",7,1
"21035","KY","Calloway",7,1
"21037","KY","Campbell",1,0
"21039","KY","Carlisle",9,1
"21041","KY","Carroll",6,1
"21043","KY","Carter",6,1
"21045","KY","Casey",9,1
"21047","KY","Christian",2,0
"21049","KY","Clark",2,0
"21051","KY","Clay",7,1
"21053","KY","Clinton",9,1
"21055","KY","Crittenden",7,1
"21057","KY","Cumberland",9,1
"21059","KY","Daviess",3,0
"21061","KY","Edmonson",3,0
"21063","KY","Elliott",9,1
"21065","KY","Estill",6,1
"21067","KY","Fayette",2,0
"21069","KY","Fleming",7,1
"21071","KY","Floyd",7,1
"21073","KY","Franklin",4,1
"21075","KY","Fulton",9,1
"21077","KY","Gallatin",1,0
"21079","KY","Garrard",6,1
"21081","KY","Grant",1,0
"21083","KY","Graves",7,1
"21085","KY","Grayson",6,1
"21087","KY","Green",8,1
"21089","KY","Greenup",2,0
"21091","KY","Hancock",3,0
"21093","KY","Hardin",3,0
"21095","KY","Harlan",7,1
"21097","KY","Harrison",6,1
"21099","KY","Hart",8,1
"21101","KY","Henderson",2,0
"21103","KY","Henry",1,0
"21105","KY","Hickman",9,1
"21107","KY","Hopkins",5,1
"21109","KY","Jackson",9,1
"21111","KY","Jefferson",1,0
"21113","KY","Jessamine",2,0
"21115","KY","Johnson",7,1
"21117","KY","Kenton",1,0
"21119","KY","Knott",9,1
"21121","KY","Knox",7,1
"21123","KY","Larue",3,0
"21125","KY","Laurel",5,1
"21127","KY","Lawrence",6,1
"21129","KY","Lee",9,1
"21131","KY","Leslie",9,1
"21133","KY","Letcher",9,1
"21135","KY","Lewis",8,1
"21137","KY","Lincoln",7,1
"21139","KY","Livingston",9,1
"21141","KY","Logan",6,1
"21143","KY","Lyon",9,1
"21145","KY","McCracken",5,1
"21147","KY","McCreary",9,1
"21149","KY","McLean",3,0
"21151","KY","Madison",4,1
"21153","KY","Magoffin",9,1
"21155","KY","Marion",7,1
"21157","KY","Marshall",7,1
"21159","KY","Martin",9,1
"21161","KY","Mason",6,1
"21163","KY","Meade",3,0
"21165","KY","Menifee",9,1
"21167","KY","Mercer",6,1
"21169","KY","Metcalfe",9,1
"21171","KY","Monroe",8,1
"21173","KY","Montgomery",6,1
"21175","KY","Morgan",9,1
"21177","KY","Muhlenberg",6,1
"21179","KY","Nelson",6,1
"21181","KY","Nicholas",8,1
"21183","KY","Ohio",6,1
"21185","KY","Oldham",1,0
"21187","KY","Owen",8,1
"21189","KY","Owsley",9,1
"21191","KY","Pendleton",1,0
"21193","KY","Perry",7,1
"21195","KY","Pike",7,1
"21197","KY","Powell",6,1
"21199","KY","Pulaski",5,1
"21201","KY","Robertson",8,1
"21203","KY","Rockcastle",7,1
"21205","KY","Rowan",7,1
"21207","KY","Russell",9,1
"21209","KY","Scott",2,0
"21211","KY","Shelby",1,0
"21213","KY","Simpson",6,1
"21215","KY","Spencer",1,0
"21217","KY","Taylor",7,1
"21219","KY","Todd",8,1
"21221","KY","Trigg",2,0
"21223","KY","Trimble",1,0
"21225","KY","Union",6,1
"21227","KY","Warren",3,0
"21229","KY","Washington",9,1
"21231","KY","Wayne",7,1
"21233","KY","Webster",8,1
"21235","KY","Whitley",7,1
"21237","KY","Wolfe",9,1
"21239","KY","Woodford",2,0
"22001","LA","Acadia Parish",2,0
"22003","LA","Allen Parish",6,1
"22005","LA","Ascension Parish",2,0
"22007","LA","Assumption Parish",6,1
"22009","LA","Avoyelles Parish",6,1
"22011","LA","Beauregard Parish",6,1
"22013","LA","Bienville Parish",6,1
"22015","LA","Bossier Parish",2,0
"22017","LA","Caddo Parish",2,0
"22019","LA","Calcasieu Parish",3,0
"22021","LA","Caldwell Parish",8,1
"22023","LA","Cameron Parish",3,0
"22025","LA","Catahoula Parish",9,1
"22027","LA","Claiborne Parish",6,1
"22029","LA","Concordia Parish",7,1
"22031","LA","De Soto Parish",2,0
"22033","LA","East Baton Rouge Parish",2,0
"22035","LA","East Carroll Parish",7,1
"22037","LA","East Feliciana Parish",2,0
"22039","LA","Evangeline Parish",6,1
"22041","LA","Franklin Parish",7,1
"22043","LA","Grant Parish",3,0
"22045","LA","Iberia Parish",2,0
"22047","LA","Iberville Parish",2,0
"22049","LA","Jackson Parish",6,1
"22051","LA","Jefferson Parish",1,0
"22053","LA","Jefferson Davis Parish",6,1
"22055","LA","Lafayette Parish",2,0
"22057","LA","Lafourche Parish",3,0
"22059","LA","La Salle Parish",6,1
"22061","LA","Lincoln Parish",4,1
"22063","LA","Livingston Parish",2,0
"22065","LA","Madison Parish",7,1
"22067","LA","Morehouse Parish",6,1
"22069","LA","Natchitoches Parish",6,1
"22071","LA","Orleans Parish",1,0
"22073","LA","Ouachita Parish",3,0
"22075","LA","Plaquemines Parish",1,0
"22077","LA","Pointe Coupee Parish",2,0
"22079","LA","Rapides Parish",3,0
"22081","LA","Red River Parish",8,1
"22083","LA","Richland Parish",6,1
"22085","LA","Sabine Parish",6,1
"22087","LA","St. Bernard Parish",1,0
"22089","LA","St. Charles Parish",1,0
"22091","LA","St. Helena Parish",2,0
"22093","LA","St. James Parish",1,0
"22095","LA","St. John the Baptist Parish",1,0
"22097","LA","St. Landry Parish",4,1
"22099","LA","St. Martin Parish",2,0
"22101","LA","St. Mary Parish",4,1
"22103","LA","St. Tammany Parish",1,0
"22105","LA","Tangipahoa Parish",3,0
"22107","LA","Tensas Parish",9,1
"22109","LA","Terrebonne Parish",3,0
"22111","LA","Union Parish",3,0
"22113","LA","Vermilion Parish",2,0
"22115","LA","Vernon Parish",5,1
"22117","LA","Washington Parish",6,1
"22119","LA","Webster Parish",2,0
"22121","LA","West Baton Rouge Parish",2,0
"22123","LA","West Carroll Parish",9,1
"22125","LA","West Feliciana Parish",2,0
"22127","LA","Winn Parish",6,1
"23001","ME","Androscoggin",3,0
"23003","ME","Aroostook",7,1
"23005","ME","Cumberland",2,0
"23007","ME","Franklin",6,1
"23009","ME","Hancock",6,1
"23011","ME","Kennebec",4,1
"23013","ME","Knox",7,1
"23015","ME","Lincoln",8,1
"23017","ME","Oxford",6,1
"23019","ME","Penobscot",3,0
"23021","ME","Piscataquis",8,1
"23023","ME","Sagadahoc",2,0
"23025","ME","Somerset",6,1
"23027","ME","Waldo",6,1
"23029","ME","Washington",7,1
"23031","ME","York",2,0
"24001","MD","Allegany",3,0
"24003","MD","Anne Arundel",1,0
"24005","MD","Baltimore",1,0
"24009","MD","Calvert",1,0
"24011","MD","Caroline",6,1
"24013","MD","Carroll",1,0
"24015","MD","Cecil",1,0
"24017","MD","Charles",1,0
"24019","MD","Dorchester",6,1
"24021","MD","Frederick",1,0
"24023","MD","Garrett",6,1
"24025","MD","Harford",1,0
"24027","MD","Howard",1,0
"24029","MD","Kent",6,1
"24031","MD","Montgomery",1,0
"24033","MD","Prince George's",1,0
"24035","MD","Queen Anne's",1,0
"24037","MD","St. Mary's",3,0
"24039","MD","Somerset",2,0
"24041","MD","Talbot",6,1
"24043","MD","Washington",2,0
"24045","MD","Wicomico",2,0
"24047","MD","Worcester",2,0
"24510","MD","Baltimore city",1,0
"25001","MA","Barnstable",3,0
"25003","MA","Berkshire",3,0
"25005","MA","Bristol",1,0
"25007","MA","Dukes",7,1
"25009","MA","Essex",1,0
"25011","MA","Franklin",4,1
"25013","MA","Hampden",2,0
"25015","MA","Hampshire",2,0
"25017","MA","Middlesex",1,0
"25019","MA","Nantucket",7,1
"25021","MA","Norfolk",1,0
"25023","MA","Plymouth",1,0
"25025","MA","Suffolk",1,0
"25027","MA","Worcester",2,0
"26001","MI","Alcona",9,1
"26003","MI","Alger",7,1
"26005","MI","Allegan",4,1
"26007","MI","Alpena",7,1
"26009","MI","Antrim",9,1
"26011","MI","Arenac",8,1
"26013","MI","Baraga",9,1
"26015","MI","Barry",2,0
"26017","MI","Bay",3,0
"26019","MI","Benzie",9,1
"26021","MI","Berrien",3,0
"26023","MI","Branch",6,1
"26025","MI","Calhoun",3,0
"26027","MI","Cass",2,0
"26029","MI","Charlevoix",7,1
"26031","MI","Cheboygan",7,1
"26033","MI","Chippewa",7,1
"26035","MI","Clare",6,1
"26037","MI","Clinton",2,0
"26039","MI","Crawford",7,1
"26041","MI","Delta",5,1
"26043","MI","Dickinson",7,1
"26045","MI","Eaton",2,0
"26047","MI","Emmet",7,1
"26049","MI","Genesee",2,0
"26051","MI","Gladwin",6,1
"26053","MI","Gogebic",7,1
"26055","MI","Grand Traverse",5,1
"26057","MI","Gratiot",6,1
"26059","MI","Hillsdale",6,1
"26061","MI","Houghton",5,1
"26063","MI","Huron",7,1
"26065","MI","Ingham",2,0
"26067","MI","Ionia",4,1
"26069","MI","Iosco",7,1
"26071","MI","Iron",7,1
"26073","MI","Isabella",4,1
"26075","MI","Jackson",3,0
"26077","MI","Kalamazoo",2,0
"26079","MI","Kalkaska",7,1
"26081","MI","Kent",2,0
"26083","MI","Keweenaw",9,1
"26085","MI","Lake",9,1
"26087","MI","Lapeer",1,0
"26089","MI","Leelanau",9,1
"26091","MI","Lenawee",4,1
"26093","MI","Livingston",1,0
"26095","MI","Luce",7,1
"26097","MI","Mackinac",7,1
"26099","MI","Macomb",1,0
"26101","MI","Manistee",7,1
"26103","MI","Marquette",5,1
"26105","MI","Mason",7,1
"26107","MI","Mecosta",6,1
"26109","MI","Menominee",7,1
"26111","MI","Midland",3,0
"26113","MI","Missaukee",9,1
"26115","MI","Monroe",3,0
"26117","MI","Montcalm",2,0
"26119","MI","Montmorency",9,1
"26121","MI","Muskegon",3,0
"26123","MI","Newaygo",6,1
"26125","MI","Oakland",1,0
"26127","MI","Oceana",6,1
"26129","MI","Ogemaw",9,1
"26131","MI","Ontonagon",9,1
"26133","MI","Osceola",9,1
"26135","MI","Oscoda",9,1
"26137","MI","Otsego",7,1
"26139","MI","Ottawa",2,0
"26141","MI","Presque Isle",7,1
"26143","MI","Roscommon",7,1
"26145","MI","Saginaw",3,0
"26147","MI","St. Clair",1,0
"26149","MI","St. Joseph",4,1
"26151","MI","Sanilac",6,1
"26153","MI","Schoolcraft",7,1
"26155","MI","Shiawassee",4,1
"26157","MI","Tuscola",6,1
"26159","MI","Van Buren",2,0
"26161","MI","Washtenaw",2,0
"26163","MI","Wayne",1,0
"26165","MI","Wexford",7,1
"27001","MN","Aitkin",8,1
"27003","MN","Anoka",1,0
"27005","MN","Becker",6,1
"27007","MN","Beltrami",7,1
"27009","MN","Benton",3,0
"27011","MN","Big Stone",9,1
"27013","MN","Blue Earth",3,0
"27015","MN","Brown",6,1
"27017","MN","Carlton",2,0
"27019","MN","Carver",1,0
"27021","MN","Cass",9,1
"27023","MN","Chippewa",7,1
"27025","MN","Chisago",1,0
"27027","MN","Clay",3,0
"27029","MN","Clearwater",8,1
"27031","MN","Cook",9,1
"27033","MN","Cottonwood",7,1
"27035","MN","Crow Wing",4,1
"27037","MN","Dakota",1,0
"27039","MN","Dodge",3,0
"27041","MN","Douglas",6,1
"27043","MN","Faribault",6,1
"27045","MN","Fillmore",3,0
"27047","MN","Freeborn",7,1
"27049","MN","Goodhue",4,1
"27051","MN","Grant",9,1
"27053","MN","Hennepin",1,0
"27055","MN","Houston",3,0
"27057","MN","Hubbard",7,1
"27059","MN","Isanti",1,0
"27061","MN","Itasca",6,1
"27063","MN","Jackson",7,1
"27065","MN","Kanabec",6,1
"27067","MN","Kandiyohi",4,1
"27069","MN","Kittson",9,1
"27071","MN","Koochiching",6,1
"27073","MN","Lac qui Parle",9,1
"27075","MN","Lake",6,1
"27077","MN","Lake of the Woods",9,1
"27079","MN","Le Sueur",1,0
"27081","MN","Lincoln",9,1
"27083","MN","Lyon",7,1
"27085","MN","McLeod",6,1
"27087","MN","Mahnomen",8,1
"27089","MN","Marshall",8,1
"27091","MN","Martin",7,1
"27093","MN","Meeker",6,1
"27095","MN","Mille Lacs",1,0
"27097","MN","Morrison",6,1
"27099","MN","Mower",4,1
"27101","MN","Murray",9,1
"27103","MN","Nicollet",3,0
"27105","MN","Nobles",7,1
"27107","MN","Norman",8,1
"27109","MN","Olmsted",3,0
"27111","MN","Otter Tail",6,1
"27113","MN","Pennington",6,1
"27115","MN","Pine",6,1
"27117","MN","Pipestone",6,1
"27119","MN","Polk",3,0
"27121","MN","Pope",8,1
"27123","MN","Ramsey",1,0
"27125","MN","Red Lake",8,1
"27127","MN","Redwood",7,1
"27129","MN","Renville",8,1
"27131","MN","Rice",4,1
"27133","MN","Rock",6,1
"27135","MN","Roseau",7,1
"27137","MN","St. Louis",2,0
"27139","MN","Scott",1,0
"27141","MN","Sherburne",1,0
"27143","MN","Sibley",1,0
"27145","MN","Stearns",3,0
"27147","MN","Steele",5,1
"27149","MN","Stevens",7,1
"27151","MN","Swift",7,1
"27153","MN","Todd",6,1
"27155","MN","Traverse",9,1
"27157","MN","Wabasha",3,0
"27159","MN","Wadena",7,1
"27161","MN","Waseca",6,1
"27163","MN","Washington",1,0
"27165","MN","Watonwan",6,1
"27167","MN","Wilkin",6,1
"27169","MN","Winona",4,1
"27171","MN","Wright",1,0
"27173","MN","Yellow Medicine",9,1
"28001","MS","Adams",5,1
"28003","MS","Alcorn",7,1
"28005","MS","Amite",8,1
"28007","MS","Attala",6,1
"28009","MS","Benton",1,0
"28011","MS","Bolivar",7,1
"28013","MS","Calhoun",9,1
"28015","MS","Carroll",9,1
"28017","MS","Chickasaw",7,1
"28019","MS","Choctaw",9,1
"28021","MS","Claiborne",8,1
"28023","MS","Clarke",9,1
"28025","MS","Clay",7,1
"28027","MS","Coahoma",7,1
"28029","MS","Copiah",2,0
"28031","MS","Covington",8,1
"28033","MS","DeSoto",1,0
"28035","MS","Forrest",3,0
"28037","MS","Franklin",9,1
"28039","MS","George",6,1
"28041","MS","Greene",8,1
"28043","MS","Grenada",7,1
"28045","MS","Hancock",2,0
"28047","MS","Harrison",2,0
"28049","MS","Hinds",2,0
"28051","MS","Holmes",6,1
"28053","MS","Humphreys",6,1
"28055","MS","Issaquena",8,1
"28057","MS","Itawamba",7,1
"28059","MS","Jackson",2,0
"28061","MS","Jasper",9,1
"28063","MS","Jefferson",8,1
"28065","MS","Jefferson Davis",8,1
"28067","MS","Jones",4,1
"28069","MS","Kemper",9,1
"28071","MS","Lafayette",4,1
"28073","MS","Lamar",3,0
"28075","MS","Lauderdale",5,1
"28077","MS","Lawrence",8,1
"28079","MS","Leake",6,1
"28081","MS","Lee",5,1
"28083","MS","Leflore",5,1
"28085","MS","Lincoln",6,1
"28087","MS","Lowndes",5,1
"28089","MS","Madison",2,0
"28091","MS","Marion",6,1
"28093","MS","Marshall",1,0
"28095","MS","Monroe",7,1
"28097","MS","Montgomery",7,1
"28099","MS","Neshoba",7,1
"28101","MS","Newton",7,1
"28103","MS","Noxubee",7,1
"28105","MS","Oktibbeha",5,1
"28107","MS","Panola",6,1
"28109","MS","Pearl River",6,1
"28111","MS","Perry",3,0
"28113","MS","Pike",6,1
"28115","MS","Pontotoc",7,1
"28117","MS","Prentiss",7,1
"28119","MS","Quitman",6,1
"28121","MS","Rankin",2,0
"28123","MS","Scott",6,1
"28125","MS","Sharkey",8,1
"28127","MS","Simpson",2,0
"28129","MS","Smith",8,1
"28131","MS","Stone",6,1
"28133","MS","Sunflower",7,1
"28135","MS","Tallahatchie",7,1
"28137","MS","Tate",1,0
"28139","MS","Tippah",6,1
"28141","MS","Tishomingo",8,1
"28143","MS","Tunica",1,0
"28145","MS","Union",6,1
"28147","MS","Walthall",9,1
"28149","MS","Warren",4,1
"28151","MS","Washington",5,1
"28153","MS","Wayne",7,1
"28155","MS","Webster",9,1
"28157","MS","Wilkinson",8,1
"28159","MS","Winston",7,1
"28161","MS","Yalobusha",7,1
"28163","MS","Yazoo",2,0
"29001","MO","Adair",7,1
"29003","MO","Andrew",3,0
"29005","MO","Atchison",9,1
"29007","MO","Audrain",6,1
"29009","MO","Barry",6,1
"29011","MO","Barton",6,1
"29013","MO","Bates",1,0
"29015","MO","Benton",7,1
"29017","MO","Bollinger",3,0
"29019","MO","Boone",3,0
"29021","MO","Buchanan",3,0
"29023","MO","Butler",5,1
"29025","MO","Caldwell",1,0
"29027","MO","Callaway",3,0
"29029","MO","Camden",7,1
"29031","MO","Cape Girardeau",3,0
"29033","MO","Carroll",6,1
"29035","MO","Carter",9,1
"29037","MO","Cass",1,0
"29039","MO","Cedar",6,1
"29041","MO","Chariton",9,1
"29043","MO","Christian",2,0
"29045","MO","Clark",9,1
"29047","MO","Clay",1,0
"29049","MO","Clinton",1,0
"29051","MO","Cole",3,0
"29053","MO","Cooper",6,1
"29055","MO","Crawford",6,1
"29057","MO","Dade",8,1
"29059","MO","Dallas",2,0
"29061","MO","Daviess",8,1
"29063","MO","DeKalb",3,0
"29065","MO","Dent",7,1
"29067","MO","Douglas",6,1
"29069","MO","Dunklin",7,1
"29071","MO","Franklin",1,0
"29073","MO","Gasconade",6,1
"29075","MO","Gentry",8,1
"29077","MO","Greene",2,0
"29079","MO","Grundy",7,1
"29081","MO","Harrison",7,1
"29083","MO","Henry",6,1
"29085","MO","Hickory",8,1
"29087","MO","Holt",8,1
"29089","MO","Howard",6,1
"29091","MO","Howell",7,1
"29093","MO","Iron",7,1
"29095","MO","Jackson",1,0
"29097","MO","Jasper",3,0
"29099","MO","Jefferson",1,0
"29101","MO","Johnson",4,1
"29103","MO","Knox",9,1
"29105","MO","Laclede",6,1
"29107","MO","Lafayette",1,0
"29109","MO","Lawrence",6,1
"29111","MO","Lewis",9,1
"29113","MO","Lincoln",1,0
"29115","MO","Linn",7,1
"29117","MO","Livingston",6,1
"29119","MO","McDonald",2,0
"29121","MO","Macon",7,1
"29123","MO","Madison",6,1
"29125","MO","Maries",8,1
"29127","MO","Marion",5,1
"29129","MO","Mercer",9,1
"29131","MO","Miller",6,1
"29133","MO","Mississippi",6,1
"29135","MO","Moniteau",3,0
"29137","MO","Monroe",9,1
"29139","MO","Montgomery",6,1
"29141","MO","Morgan",8,1
"29143","MO","New Madrid",7,1
"29145","MO","Newton",3,0
"29147","MO","Nodaway",6,1
"29149","MO","Oregon",9,1
"29151","MO","Osage",3,0
"29153","MO","Ozark",9,1
"29155","MO","Pemiscot",7,1
"29157","MO","Perry",6,1
"29159","MO","Pettis",4,1
"29161","MO","Phelps",5,1
"29163","MO","Pike",6,1
"29165","MO","Platte",1,0
"29167","MO","Polk",2,0
"29169","MO","Pulaski",5,1
"29171","MO","Putnam",9,1
"29173","MO","Ralls",9,1
"29175","MO","Randolph",6,1
"29177","MO","Ray",1,0
"29179","MO","Reynolds",9,1
"29181","MO","Ripley",9,1
"29183","MO","St. Charles",1,0
"29185","MO","St. Clair",8,1
"29186","MO","Ste. Genevieve",6,1
"29187","MO","St. Francois",4,1
"29189","MO","St. Louis",1,0
"29195","MO","Saline",6,1
"29197","MO","Schuyler",9,1
"29199","MO","Scotland",9,1
"29201","MO","Scott",4,1
"29203","MO","Shannon",9,1
"29205","MO","Shelby",9,1
"29207","MO","Stoddard",6,1
"29209","MO","Stone",6,1
"29211","MO","Sullivan",9,1
"29213","MO","Taney",4,1
"29215","MO","Texas",9,1
"29217","MO","Vernon",7,1
"29219","MO","Warren",1,0
"29221","MO","Washington",6,1
"29223","MO","Wayne",9,1
"29225","MO","Webster",2,0
"29227","MO","Worth",9,1
"29229","MO","Wright",6,1
"29510","MO","St. Louis city",1,0
"30001","MT","Beaverhead",7,1
"30003","MT","Big Horn",6,1
"30005","MT","Blaine",9,1
"30007","MT","Broadwater",9,1
"30009","MT","Carbon",3,0
"30011","MT","Carter",9,1
"30013","MT","Cascade",3,0
"30015","MT","Chouteau",8,1
"30017","MT","Custer",7,1
"30019","MT","Daniels",9,1
"30021","MT","Dawson",7,1
"30023","MT","Deer Lodge",7,1
"30025","MT","Fallon",9,1
"30027","MT","Fergus",7,1
"30029","MT","Flathead",5,1
"30031","MT","Gallatin",5,1
"30033","MT","Garfield",9,1
"30035","MT","Glacier",7,1
"30037","MT","Golden Valley",3,0
"30039","MT","Granite",8,1
"30041","MT","Hill",7,1
"30043","MT","Jefferson",9,1
"30045","MT","Judith Basin",8,1
"30047","MT","Lake",6,1
"30049","MT","Lewis and Clark",5,1
"30051","MT","Liberty",9,1
"30053","MT","Lincoln",7,1
"30055","MT","McCone",9,1
"30057","MT","Madison",9,1
"30059","MT","Meagher",9,1
"30061","MT","Mineral",8,1
"30063","MT","Missoula",3,0
"30065","MT","Musselshell",8,1
"30067","MT","Park",7,1
"30069","MT","Petroleum",9,1
"30071","MT","Phillips",9,1
"30073","MT","Pondera",7,1
"30075","MT","Powder River",9,1
"30077","MT","Powell",6,1
"30079","MT","Prairie",9,1
"30081","MT","Ravalli",6,1
"30083","MT","Richland",7,1
"30085","MT","Roosevelt",7,1
"30087","MT","Rosebud",9,1
"30089","MT","Sanders",8,1
"30091","MT","Sheridan",9,1
"30093","MT","Silver Bow",5,1
"30095","MT","Stillwater",8,1
"30097","MT","Sweet Grass",9,1
"30099","MT","Teton",8,1
"30101","MT","Toole",7,1
"30103","MT","Treasure",8,1
"30105","MT","Valley",7,1
"30107","MT","Wheatland",9,1
"30109","MT","Wibaux",9,1
"30111","MT","Yellowstone",3,0
"31001","NE","Adams",4,1
"31003","NE","Antelope",9,1
"31005","NE","Arthur",9,1
"31007","NE","Banner",9,1
"31009","NE","Blaine",9,1
"31011","NE","Boone",9,1
"31013","NE","Box Butte",7,1
"31015","NE","Boyd",9,1
"31017","NE","Brown",9,1
"31019","NE","Buffalo",4,1
"31021","NE","Burt",8,1
"31023","NE","Butler",6,1
"31025","NE","Cass",2,0
"31027","NE","Cedar",9,1
"31029","NE","Chase",9,1
"31031","NE","Cherry",7,1
"31033","NE","Cheyenne",7,1
"31035","NE","Clay",8,1
"31037","NE","Colfax",7,1
"31039","NE","Cuming",7,1
"31041","NE","Custer",7,1
"31043","NE","Dakota",3,0
"31045","NE","Dawes",7,1
"31047","NE","Dawson",7,1
"31049","NE","Deuel",9,1
"31051","NE","Dixon",3,0
"31053","NE","Dodge",4,1
"31055","NE","Douglas",2,0
"31057","NE","Dundy",9,1
"31059","NE","Fillmore",8,1
"31061","NE","Franklin",9,1
"31063","NE","Frontier",9,1
"31065","NE","Furnas",9,1
"31067","NE","Gage",6,1
"31069","NE","Garden",9,1
"31071","NE","Garfield",9,1
"31073","NE","Gosper",9,1
"31075","NE","Grant",9,1
"31077","NE","Greeley",8,1
"31079","NE","Hall",3,0
"31081","NE","Hamilton",3,0
"31083","NE","Harlan",9,1
"31085","NE","Hayes",9,1
"31087","NE","Hitchcock",9,1
"31089","NE","Holt",7,1
"31091","NE","Hooker",9,1
"31093","NE","Howard",3,0
"31095","NE","Jefferson",7,1
"31097","NE","Johnson",8,1
"31099","NE","Kearney",7,1
"31101","NE","Keith",7,1
"31103","NE","Keya Paha",9,1
"31105","NE","Kimball",8,1
"31107","NE","Knox",9,1
"31109","NE","Lancaster",2,0
"31111","NE","Lincoln",5,1
"31113","NE","Logan",9,1
"31115","NE","Loup",9,1
"31117","NE","McPherson",9,1
"31119","NE","Madison",5,1
"31121","NE","Merrick",3,0
"31123","NE","Morrill",9,1
"31125","NE","Nance",8,1
"31127","NE","Nemaha",7,1
"31129","NE","Nuckolls",9,1
"31131","NE","Otoe",6,1
"31133","NE","Pawnee",9,1
"31135","NE","Perkins",9,1
"31137","NE","Phelps",7,1
"31139","NE","Pierce",9,1
"31141","NE","Platte",5,1
"31143","NE","Polk",9,1
"31145","NE","Red Willow",7,1
"31147","NE","Richardson",7,1
"31149","NE","Rock",9,1
"31151","NE","Saline",6,1
"31153","NE","Sarpy",2,0
"31155","NE","Saunders",2,0
"31157","NE","Scotts Bluff",5,1
"31159","NE","Seward",2,0
"31161","NE","Sheridan",9,1
"31163","NE","Sherman",8,1
"31165","NE","Sioux",9,1
"31167","NE","Stanton",9,1
"31169","NE","Thayer",9,1
"31171","NE","Thomas",9,1
"31173","NE","Thurston",8,1
"31175","NE","Valley",9,1
"31177","NE","Washington",2,0
"31179","NE","Wayne",6,1
"31181","NE","Webster",9,1
"31183","NE","Wheeler",9,1
"31185","NE","York",6,1
"32001","NV","Churchill",6,1
"32003","NV","Clark",1,0
"32005","NV","Douglas",4,1
"32007","NV","Elko",5,1
"32009","NV","Esmeralda",9,1
"32011","NV","Eureka",9,1
"32013","NV","Humboldt",7,1
"32015","NV","Lander",7,1
"32017","NV","Lincoln",8,1
"32019","NV","Lyon",4,1
"32021","NV","Mineral",7,1
"32023","NV","Nye",4,1
"32027","NV","Pershing",9,1
"32029","NV","Storey",2,0
"32031","NV","Washoe",2,0
"32033","NV","White Pine",7,1
"32510","NV","Carson City",3,0
"33001","NH","Belknap",4,1
"33003","NH","Carroll",6,1
"33005","NH","Cheshire",4,1
"33007","NH","Coos",7,1
"33009","NH","Grafton",5,1
"33011","NH","Hillsborough",2,0
"33013","NH","Merrimack",4,1
"33015","NH","Rockingham",1,0
"33017","NH","Strafford",1,0
"33019","NH","Sullivan",7,1
"34001","NJ","Atlantic",2,0
"34003","NJ","Bergen",1,0
"34005","NJ","Burlington",1,0
"34007","NJ","Camden",1,0
"34009","NJ","Cape May",3,0
"34011","NJ","Cumberland",3,0
"34013","NJ","Essex",1,0
"34015","NJ","Gloucester",1,0
"34017","NJ","Hudson",1,0
"34019","NJ","Hunterdon",1,0
"34021","NJ","Mercer",2,0
"34023","NJ","Middlesex",1,0
"34025","NJ","Monmouth",1,0
"34027","NJ","Morris",1,0
"34029","NJ","Ocean",1,0
"34031","NJ","Passaic",1,0
"34033","NJ","Salem",1,0
"34035","NJ","Somerset",1,0
"34037","NJ","Sussex",1,0
"34039","NJ","Union",1,0
"34041","NJ","Warren",2,0
"35001","NM","Bernalillo",2,0
"35003","NM","Catron",9,1
"35005","NM","Chaves",5,1
"35006","NM","Cibola",6,1
"35007","NM","Colfax",7,1
"35009","NM","Curry",5,1
"35011","NM","De Baca",9,1
"35013","NM","Dona Ana",3,0
"35015","NM","Eddy",5,1
"35017","NM","Grant",7,1
"35019","NM","Guadalupe",7,1
"35021","NM","Harding",9,1
"35023","NM","Hidalgo",9,1
"35025","NM","Lea",5,1
"35027","NM","Lincoln",7,1
"35028","NM","Los Alamos",6,1
"35029","NM","Luna",6,1
"35031","NM","McKinley",5,1
"35033","NM","Mora",9,1
"35035","NM","Otero",4,1
"35037","NM","Quay",7,1
"35039","NM","Rio Arriba",4,1
"35041","NM","Roosevelt",7,1
"35043","NM","Sandoval",2,0
"35045","NM","San Juan",3,0
"35047","NM","San Miguel",6,1
"35049","NM","Santa Fe",3,0
"35051","NM","Sierra",6,1
"35053","NM","Socorro",6,1
"35055","NM","Taos",7,1
"35057","NM","Torrance",2,0
"35059","NM","Union",9,1
"35061","NM","Valencia",2,0
"36001","NY","Albany",2,0
"36003","NY","Allegany",7,1
"36005","NY","Bronx",1,0
"36007","NY","Broome",2,0
"36009","NY","Cattaraugus",4,1
"36011","NY","Cayuga",4,1
"36013","NY","Chautauqua",4,1
"36015","NY","Chemung",3,0
"36017","NY","Chenango",6,1
"36019","NY","Clinton",5,1
"36021","NY","Columbia",6,1
"36023","NY","Cortland",4,1
"36025","NY","Delaware",6,1
"36027","NY","Dutchess",1,0
"36029","NY","Erie",1,0
"36031","NY","Essex",6,1
"36033","NY","Franklin",7,1
"36035","NY","Fulton",4,1
"36037","NY","Genesee",4,1
"36039","NY","Greene",6,1
"36041","NY","Hamilton",8,1
"36043","NY","Herkimer",2,0
"36045","NY","Jefferson",3,0
"36047","NY","Kings",1,0
"36049","NY","Lewis",6,1
"36051","NY","Livingston",1,0
"36053","NY","Madison",2,0
"36055","NY","Monroe",1,0
"36057","NY","Montgomery",4,1
"36059","NY","Nassau",1,0
"36061","NY","New York",1,0
"36063","NY","Niagara",1,0
"36065","NY","Oneida",2,0
"36067","NY","Onondaga",2,0
"36069","NY","Ontario",1,0
"36071","NY","Orange",1,0
"36073","NY","Orleans",1,0
"36075","NY","Oswego",2,0
"36077","NY","Otsego",7,1
"36079","NY","Putnam",1,0
"36081","NY","Queens",1,0
"36083","NY","Rensselaer",2,0
"36085","NY","Richmond",1,0
"36087","NY","Rockland",1,0
"36089","NY","St. Lawrence",4,1
"36091","NY","Saratoga",2,0
"36093","NY","Schenectady",2,0
"36095","NY","Schoharie",2,0
"36097","NY","Schuyler",6,1
"36099","NY","Seneca",6,1
"36101","NY","Steuben",4,1
"36103","NY","Suffolk",1,0
"36105","NY","Sullivan",4,1
"36107","NY","Tioga",2,0
"36109","NY","Tompkins",3,0
"36111","NY","Ulster",3,0
"36113","NY","Warren",3,0
"36115","NY","Washington",3,0
"36117","NY","Wayne",1,0
"36119","NY","Westchester",1,0
"36121","NY","Wyoming",6,1
"36123","NY","Yates",1,0
"37001","NC","Alamance",3,0
"37003","NC","Alexander",2,0
"37005","NC","Alleghany",9,1
"37007","NC","Anson",6,1
"37009","NC","Ashe",7,1
"37011","NC","Avery",8,1
"37013","NC","Beaufort",6,1
"37015","NC","Bertie",7,1
"37017","NC","Bladen",6,1
"37019","NC","Brunswick",2,0
"37021","NC","Buncombe",2,0
"37023","NC","Burke",2,0
"37025","NC","Cabarrus",1,0
"37027","NC","Caldwell",2,0
"37029","NC","Camden",8,1
"37031","NC","Carteret",4,1
"37033","NC","Caswell",8,1
"37035","NC","Catawba",2,0
"37037","NC","Chatham",2,0
"37039","NC","Cherokee",9,1
"37041","NC","Chowan",6,1
"37043","NC","Clay",9,1
"37045","NC","Cleveland",4,1
"37047","NC","Columbus",6,1
"37049","NC","Craven",3,0
"37051","NC","Cumberland",2,0
"37053","NC","Currituck",1,0
"37055","NC","Dare",4,1
"37057","NC","Davidson",2,0
"37059","NC","Davie",2,0
"37061","NC","Duplin",6,1
"37063","NC","Durham",2,0
"37065","NC","Edgecombe",3,0
"37067","NC","Forsyth",2,0
"37069","NC","Franklin",1,0
"37071","NC","Gaston",1,0
"37073","NC","Gates",1,0
"37075","NC","Graham",9,1
"37077","NC","Granville",4,1
"37079","NC","Greene",8,1
"37081","NC","Guilford",2,0
"37083","NC","Halifax",4,1
"37085","NC","Harnett",4,1
"37087","NC","Haywood",2,0
"37089","NC","Henderson",2,0
"37091","NC","Hertford",6,1
"37093","NC","Hoke",2,0
"37095","NC","Hyde",9,1
"37097","NC","Iredell",1,0
"37099","NC","Jackson",6,1
"37101","NC","Johnston",1,0
"37103","NC","Jones",3,0
"37105","NC","Lee",4,1
"37107","NC","Lenoir",4,1
"37109","NC","Lincoln",1,0
"37111","NC","McDowell",6,1
"37113","NC","Macon",7,1
"37115","NC","Madison",2,0
"37117","NC","Martin",6,1
"37119","NC","Mecklenburg",1,0
"37121","NC","Mitchell",7,1
"37123","NC","Montgomery",6,1
"37125","NC","Moore",4,1
"37127","NC","Nash",3,0
"37129","NC","New Hanover",2,0
"37131","NC","Northampton",9,1
"37133","NC","Onslow",3,0
"37135","NC","Orange",2,0
"37137","NC","Pamlico",3,0
"37139","NC","Pasquotank",4,1
"37141","NC","Pender",2,0
"37143","NC","Perquimans",8,1
"37145","NC","Person",2,0
"37147","NC","Pitt",3,0
"37149","NC","Polk",8,1
"37151","NC","Randolph",2,0
"37153","NC","Richmond",5,1
"37155","NC","Robeson",4,1
"37157","NC","Rockingham",2,0
"37159","NC","Rowan",1,0
"37161","NC","Rutherford",4,1
"37163","NC","Sampson",6,1
"37165","NC","Scotland",6,1
"37167","NC","Stanly",6,1
"37169","NC","Stokes",2,0
"37171","NC","Surry",4,1
"37173","NC","Swain",8,1
"37175","NC","Transylvania",6,1
"37177","NC","Tyrrell",9,1
"37179","NC","Union",1,0
"37181","NC","Vance",4,1
"37183","NC","Wake",1,0
"37185","NC","Warren",8,1
"37187","NC","Washington",7,1
"37189","NC","Watauga",5,1
"37191","NC","Wayne",3,0
"37193","NC","Wilkes",6,1
"37195","NC","Wilson",4,1
"37197","NC","Yadkin",2,0
"37199","NC","Yancey",8,1
"38001","ND","Adams",9,1
"38003","ND","Barnes",6,1
"38005","ND","Benson",9,1
"38007","ND","Billings",9,1
"38009","ND","Bottineau",9,1
"38011","ND","Bowman",9,1
"38013","ND","Burke",9,1
"38015","ND","Burleigh",3,0
"38017","ND","Cass",3,0
"38019","ND","Cavalier",9,1
"38021","ND","Dickey",9,1
"38023","ND","Divide",9,1
"38025","ND","Dunn",9,1
"38027","ND","Eddy",9,1
"38029","ND","Emmons",8,1
"38031","ND","Foster",9,1
"38033","ND","Golden Valley",9,1
"38035","ND","Grand Forks",3,0
"38037","ND","Grant",8,1
"38039","ND","Griggs",9,1
"38041","ND","Hettinger",9,1
"38043","ND","Kidder",8,1
"38045","ND","LaMoure",9,1
"38047","ND","Logan",9,1
"38049","ND","McHenry",9,1
"38051","ND","McIntosh",9,1
"38053","ND","McKenzie",9,1
"38055","ND","McLean",8,1
"38057","ND","Mercer",7,1
"38059","ND","Morton",3,0
"38061","ND","Mountrail",9,1
"38063","ND","Nelson",8,1
"38065","ND","Oliver",3,0
"38067","ND","Pembina",9,1
"38069","ND","Pierce",7,1
"38071","ND","Ramsey",7,1
"38073","ND","Ransom",8,1
"38075","ND","Renville",9,1
"38077","ND","Richland",6,1
"38079","ND","Rolette",9,1
"38081","ND","Sargent",9,1
"38083","ND","Sheridan",9,1
"38085","ND","Sioux",3,0
"38087","ND","Slope",9,1
"38089","ND","Stark",7,1
"38091","ND","Steele",8,1
"38093","ND","Stutsman",7,1
"38095","ND","Towner",9,1
"38097","ND","Traill",8,1
"38099","ND","Walsh",6,1
"38101","ND","Ward",5,1
"38103","ND","Wells",9,1
"38105","ND","Williams",7,1
"39001","OH","Adams",6,1
"39003","OH","Allen",3,0
"39005","OH","Ashland",4,1
"39007","OH","Ashtabula",4,1
"39009","OH","Athens",4,1
"39011","OH","Auglaize",4,1
"39013","OH","Belmont",3,0
"39015","OH","Brown",1,0
"39017","OH","Butler",1,0
"39019","OH","Carroll",2,0
"39021","OH","Champaign",6,1
"39023","OH","Clark",3,0
"39025","OH","Clermont",1,0
"39027","OH","Clinton",6,1
"39029","OH","Columbiana",4,1
"39031","OH","Coshocton",6,1
"39033","OH","Crawford",4,1
"39035","OH","Cuyahoga",1,0
"39037","OH","Darke",6,1
"39039","OH","Defiance",4,1
"39041","OH","Delaware",1,0
"39043","OH","Erie",4,1
"39045","OH","Fairfield",1,0
"39047","OH","Fayette",6,1
"39049","OH","Franklin",1,0
"39051","OH","Fulton",2,0
"39053","OH","Gallia",6,1
"39055","OH","Geauga",1,0
"39057","OH","Greene",2,0
"39059","OH","Guernsey",6,1
"39061","OH","Hamilton",1,0
"39063","OH","Hancock",4,1
"39065","OH","Hardin",6,1
"39067","OH","Harrison",6,1
"39069","OH","Henry",6,1
"39071","OH","Highland",6,1
"39073","OH","Hocking",1,0
"39075","OH","Holmes",7,1
"39077","OH","Huron",4,1
"39079","OH","Jackson",7,1
"39081","OH","Jefferson",3,0
"39083","OH","Knox",4,1
"39085","OH","Lake",1,0
"39087","OH","Lawrence",2,0
"39089","OH","Licking",1,0
"39091","OH","Logan",6,1
"39093","OH","Lorain",1,0
"39095","OH","Lucas",2,0
"39097","OH","Madison",1,0
"39099","OH","Mahoning",2,0
"39101","OH","Marion",4,1
"39103","OH","Medina",1,0
"39105","OH","Meigs",6,1
"39107","OH","Mercer",7,1
"39109","OH","Miami",2,0
"39111","OH","Monroe",8,1
"39113","OH","Montgomery",2,0
"39115","OH","Morgan",6,1
"39117","OH","Morrow",1,0
"39119","OH","Muskingum",4,1
"39121","OH","Noble",7,1
"39123","OH","Ottawa",4,1
"39125","OH","Paulding",6,1
"39127","OH","Perry",1,0
"39129","OH","Pickaway",1,0
"39131","OH","Pike",7,1
"39133","OH","Portage",2,0
"39135","OH","Preble",6,1
"39137","OH","Putnam",6,1
"39139","OH","Richland",3,0
"39141","OH","Ross",4,1
"39143","OH","Sandusky",4,1
"39145","OH","Scioto",4,1
"39147","OH","Seneca",4,1
"39149","OH","Shelby",4,1
"39151","OH","Stark",2,0
"39153","OH","Summit",2,0
"39155","OH","Trumbull",2,0
"39157","OH","Tuscarawas",4,1
"39159","OH","Union",1,0
"39161","OH","Van Wert",6,1
"39163","OH","Vinton",8,1
"39165","OH","Warren",1,0
"39167","OH","Washington",4,1
"39169","OH","Wayne",4,1
"39171","OH","Williams",6,1
"39173","OH","Wood",2,0
"39175","OH","Wyandot",7,1
"40001","OK","Adair",6,1
"40003","OK","Alfalfa",9,1
"40005","OK","Atoka",9,1
"40007","OK","Beaver",9,1
"40009","OK","Beckham",7,1
"40011","OK","Blaine",6,1
"40013","OK","Bryan",6,1
"40015","OK","Caddo",6,1
"40017","OK","Canadian",1,0
"40019","OK","Carter",5,1
"40021","OK","Cherokee",6,1
"40023","OK","Choctaw",7,1
"40025","OK","Cimarron",9,1
"40027","OK","Cleveland",1,0
"40029","OK","Coal",9,1
"40031","OK","Comanche",3,0
"40033","OK","Cotton",3,0
"40035","OK","Craig",6,1
"40037","OK","Creek",2,0
"40039","OK","Custer",7,1
"40041","OK","Delaware",6,1
"40043","OK","Dewey",9,1
"40045","OK","Ellis",9,1
"40047","OK","Garfield",5,1
"40049","OK","Garvin",6,1
"40051","OK","Grady",1,0
"40053","OK","Grant",9,1
"40055","OK","Greer",7,1
"40057","OK","Harmon",9,1
"40059","OK","Harper",9,1
"40061","OK","Haskell",6,1
"40063","OK","Hughes",7,1
"40065","OK","Jackson",7,1
"40067","OK","Jefferson",8,1
"40069","OK","Johnston",9,1
"40071","OK","Kay",5,1
"40073","OK","Kingfisher",6,1
"40075","OK","Kiowa",6,1
"40077","OK","Latimer",7,1
"40079","OK","Le Flore",2,0
"40081","OK","Lincoln",1,0
"40083","OK","Logan",1,0
"40085","OK","Love",9,1
"40087","OK","McClain",1,0
"40089","OK","McCurtain",7,1
"40091","OK","McIntosh",6,1
"40093","OK","Major",9,1
"40095","OK","Marshall",6,1
"40097","OK","Mayes",6,1
"40099","OK","Murray",7,1
"40101","OK","Muskogee",4,1
"40103","OK","Noble",6,1
"40105","OK","Nowata",6,1
"40107","OK","Okfuskee",6,1
"40109","OK","Oklahoma",1,0
"40111","OK","Okmulgee",2,0
"40113","OK","Osage",2,0
"40115","OK","Ottawa",6,1
"40117","OK","Pawnee",2,0
"40119","OK","Payne",4,1
"40121","OK","Pittsburg",5,1
"40123","OK","Pontotoc",7,1
"40125","OK","Pottawatomie",4,1
"40127","OK","Pushmataha",9,1
"40129","OK","Roger Mills",9,1
"40131","OK","Rogers",2,0
"40133","OK","Seminole",7,1
"40135","OK","Sequoyah",2,0
"40137","OK","Stephens",4,1
"40139","OK","Texas",7,1
"40141","OK","Tillman",6,1
"40143","OK","Tulsa",2,0
"40145","OK","Wagoner",2,0
"40147","OK","Washington",4,1
"40149","OK","Washita",7,1
"40151","OK","Woods",7,1
"40153","OK","Woodward",7,1
"41001","OR","Baker",7,1
"41003","OR","Benton",3,0
"41005","OR","Clackamas",1,0
"41007","OR","Clatsop",4,1
"41009","OR","Columbia",1,0
"41011","OR","Coos",5,1
"41013","OR","Crook",6,1
"41015","OR","Curry",7,1
"41017","OR","Deschutes",3,0
"41019","OR","Douglas",4,1
"41021","OR","Gilliam",9,1
"41023","OR","Grant",9,1
"41025","OR","Harney",7,1
"41027","OR","Hood River",6,1
"41029","OR","Jackson",3,0
"41031","OR","Jefferson",6,1
"41033","OR","Josephine",3,0
"41035","OR","Klamath",5,1
"41037","OR","Lake",7,1
"41039","OR","Lane",2,0
"41041","OR","Lincoln",5,1
"41043","OR","Linn",3,0
"41045","OR","Malheur",6,1
"41047","OR","Marion",2,0
"41049","OR","Morrow",6,1
"41051","OR","Multnomah",1,0
"41053","OR","Polk",2,0
"41055","OR","Sherman",9,1
"41057","OR","Tillamook",6,1
"41059","OR","Umatilla",4,1
"41061","OR","Union",7,1
"41063","OR","Wallowa",9,1
"41065","OR","Wasco",6,1
"41067","OR","Washington",1,0
"41069","OR","Wheeler",9,1
"41071","OR","Yamhill",1,0
"42001","PA","Adams",3,0
"42003","PA","Allegheny",1,0
"42005","PA","Armstrong",1,0
"42007","PA","Beaver",1,0
"42009","PA","Bedford",6,1
"42011","PA","Berks",2,0
"42013","PA","Blair",3,0
"42015","PA","Bradford",6,1
"42017","PA","Bucks",1,0
"42019","PA","Butler",1,0
"42021","PA","Cambria",3,0
"42023","PA","Cameron",7,1
"42025","PA","Carbon",2,0
"42027","PA","Centre",3,0
"42029","PA","Chester",1,0
"42031","PA","Clarion",6,1
"42033","PA","Clearfield",4,1
"42035","PA","Clinton",4,1
"42037","PA","Columbia",3,0
"42039","PA","Crawford",4,1
"42041","PA","Cumberland",2,0
"42043","PA","Dauphin",2,0
"42045","PA","Delaware",1,0
"42047","PA","Elk",7,1
"42049","PA","Erie",2,0
"42051","PA","Fayette",1,0
"42053","PA","Forest",9,1
"42055","PA","Franklin",3,0
"42057","PA","Fulton",8,1
"42059","PA","Greene",6,1
"42061","PA","Huntingdon",6,1
"42063","PA","Indiana",4,1
"42065","PA","Jefferson",7,1
"42067","PA","Juniata",6,1
"42069","PA","Lackawanna",2,0
"42071","PA","Lancaster",2,0
"42073","PA","Lawrence",4,1
"42075","PA","Lebanon",3,0
"42077","PA","Lehigh",2,0
"42079","PA","Luzerne",2,0
"42081","PA","Lycoming",3,0
"42083","PA","McKean",7,1
"42085","PA","Mercer",2,0
"42087","PA","Mifflin",4,1
"42089","PA","Monroe",3,0
"42091","PA","Montgomery",1,0
"42093","PA","Montour",3,0
"42095","PA","Northampton",2,0
"42097","PA","Northumberland",4,1
"42099","PA","Perry",2,0
"42101","PA","Philadelphia",1,0
"42103","PA","Pike",1,0
"42105","PA","Potter",9,1
"42107","PA","Schuylkill",4,1
"42109","PA","Snyder",7,1
"42111","PA","Somerset",4,1
"42113","PA","Sullivan",8,1
"42115","PA","Susquehanna",6,1
"42117","PA","Tioga",6,1
"42119","PA","Union",4,1
"42121","PA","Venango",4,1
"42123","PA","Warren",6,1
"42125","PA","Washington",1,0
"42127","PA","Wayne",6,1
"42129","PA","Westmoreland",1,0
"42131","PA","Wyoming",2,0
"42133","PA","York",2,0
"44001","RI","Bristol",1,0
"44003","RI","Kent",1,0
"44005","RI","Newport",1,0
"44007","RI","Providence",1,0
"44009","RI","Washington",1,0
"45001","SC","Abbeville",6,1
"45003","SC","Aiken",2,0
"45005","SC","Allendale",6,1
"45007","SC","Anderson",2,0
"45009","SC","Bamberg",7,1
"45011","SC","Barnwell",6,1
"45013","SC","Beaufort",3,0
"45015","SC","Berkeley",2,0
"45017","SC","Calhoun",2,0
"45019","SC","Charleston",2,0
"45021","SC","Cherokee",4,1
"45023","SC","Chester",1,0
"45025","SC","Chesterfield",6,1
"45027","SC","Clarendon",6,1
"45029","SC","Colleton",6,1
"45031","SC","Darlington",3,0
"45033","SC","Dillon",6,1
"45035","SC","Dorchester",2,0
"45037","SC","Edgefield",2,0
"45039","SC","Fairfield",2,0
"45041","SC","Florence",3,0
"45043","SC","Georgetown",4,1
"45045","SC","Greenville",2,0
"45047","SC","Greenwood",4,1
"45049","SC","Hampton",6,1
"45051","SC","Horry",2,0
"45053","SC","Jasper",3,0
"45055","SC","Kershaw",2,0
"45057","SC","Lancaster",1,0
"45059","SC","Laurens",2,0
"45061","SC","Lee",6,1
"45063","SC","Lexington",2,0
"45065","SC","McCormick",8,1
"45067","SC","Marion",6,1
"45069","SC","Marlboro",6,1
"45071","SC","Newberry",6,1
"45073","SC","Oconee",4,1
"45075","SC","Orangeburg",4,1
"45077","SC","Pickens",2,0
"45079","SC","Richland",2,0
"45081","SC","Saluda",2,0
"45083","SC","Spartanburg",2,0
"45085","SC","Sumter",3,0
"45087","SC","Union",2,0
"45089","SC","Williamsburg",6,1
"45091","SC","York",1,0
"46003","SD","Aurora",9,1
"46005","SD","Beadle",7,1
"46007","SD","Bennett",9,1
"46009","SD","Bon Homme",9,1
"46011","SD","Brookings",5,1
"46013","SD","Brown",5,1
"46015","SD","Brule",9,1
"46017","SD","Buffalo",9,1
"46019","SD","Butte",6,1
"46021","SD","Campbell",9,1
"46023","SD","Charles Mix",9,1
"46025","SD","Clark",9,1
"46027","SD","Clay",6,1
"46029","SD","Codington",5,1
"46031","SD","Corson",9,1
"46033","SD","Custer",3,0
"46035","SD","Davison",7,1
"46037","SD","Day",9,1
"46039","SD","Deuel",9,1
"46041","SD","Dewey",9,1
"46043","SD","Douglas",9,1
"46045","SD","Edmunds",9,1
"46047","SD","Fall River",6,1
"46049","SD","Faulk",9,1
"46051","SD","Grant",7,1
"46053","SD","Gregory",9,1
"46055","SD","Haakon",8,1
"46057","SD","Hamlin",9,1
"46059","SD","Hand",9,1
"46061","SD","Hanson",8,1
"46063","SD","Harding",9,1
"46065","SD","Hughes",7,1
"46067","SD","Hutchinson",8,1
"46069","SD","Hyde",9,1
"46071","SD","Jackson",8,1
"46073","SD","Jerauld",9,1
"46075","SD","Jones",9,1
"46077","SD","Kingsbury",9,1
"46079","SD","Lake",6,1
"46081","SD","Lawrence",6,1
"46083","SD","Lincoln",3,0
"46085","SD","Lyman",9,1
"46087","SD","McCook",3,0
"46089","SD","McPherson",9,1
"46091","SD","Marshall",9,1
"46093","SD","Meade",3,0
"46095","SD","Mellette",9,1
"46097","SD","Miner",8,1
"46099","SD","Minnehaha",3,0
"46101","SD","Moody",8,1
"46103","SD","Pennington",3,0
"46105","SD","Perkins",8,1
"46107","SD","Potter",9,1
"46109","SD","Roberts",9,1
"46111","SD","Sanborn",9,1
"46113","SD","Shannon",6,1
"46115","SD","Spink",9,1
"46117","SD","Stanley",9,1
"46119","SD","Sully",9,1
"46121","SD","Todd",9,1
"46123","SD","Tripp",7,1
"46125","SD","Turner",3,0
"46127","SD","Union",3,0
"46129","SD","Walworth",7,1
"46135","SD","Yankton",7,1
"46137","SD","Ziebach",8,1
"47001","TN","Anderson",2,0
"47003","TN","Bedford",4,1
"47005","TN","Benton",7,1
"47007","TN","Bledsoe",8,1
"47009","TN","Blount",2,0
"47011","TN","Bradley",3,0
"47013","TN","Campbell",2,0
"47015","TN","Cannon",1,0
"47017","TN","Carroll",6,1
"47019","TN","Carter",3,0
"47021","TN","Cheatham",1,0
"47023","TN","Chester",3,0
"47025","TN","Claiborne",6,1
"47027","TN","Clay",9,1
"47029","TN","Cocke",6,1
"47031","TN","Coffee",4,1
"47033","TN","Crockett",3,0
"47035","TN","Cumberland",4,1
"47037","TN","Davidson",1,0
"47039","TN","Decatur",9,1
"47041","TN","DeKalb",6,1
"47043","TN","Dickson",1,0
"47045","TN","Dyer",5,1
"47047","TN","Fayette",1,0
"47049","TN","Fentress",9,1
"47051","TN","Franklin",6,1
"47053","TN","Gibson",4,1
"47055","TN","Giles",6,1
"47057","TN","Grainger",2,0
"47059","TN","Greene",4,1
"47061","TN","Grundy",8,1
"47063","TN","Hamblen",3,0
"47065","TN","Hamilton",2,0
"47067","TN","Hancock",8,1
"47069","TN","Hardeman",6,1
"47071","TN","Hardin",6,1
"47073","TN","Hawkins",2,0
"47075","TN","Haywood",6,1
"47077","TN","Henderson",6,1
"47079","TN","Henry",7,1
"47081","TN","Hickman",1,0
"47083","TN","Houston",8,1
"47085","TN","Humphreys",6,1
"47087","TN","Jackson",8,1
"47089","TN","Jefferson",3,0
"47091","TN","Johnson",6,1
"47093","TN","Knox",2,0
"47095","TN","Lake",9,1
"47097","TN","Lauderdale",6,1
"47099","TN","Lawrence",6,1
"47101","TN","Lewis",6,1
"47103","TN","Lincoln",6,1
"47105","TN","Loudon",2,0
"47107","TN","McMinn",4,1
"47109","TN","McNairy",6,1
"47111","TN","Macon",1,0
"47113","TN","Madison",3,0
"47115","TN","Marion",2,0
"47117","TN","Marshall",6,1
"47119","TN","Maury",1,0
"47121","TN","Meigs",8,1
"47123","TN","Monroe",6,1
"47125","TN","Montgomery",2,0
"47127","TN","Moore",9,1
"47129","TN","Morgan",2,0
"47131","TN","Obion",7,1
"47133","TN","Overton",7,1
"47135","TN","Perry",8,1
"47137","TN","Pickett",9,1
"47139","TN","Polk",3,0
"47141","TN","Putnam",4,1
"47143","TN","Rhea",6,1
"47145","TN","Roane",2,0
"47147","TN","Robertson",1,0
"47149","TN","Rutherford",1,0
"47151","TN","Scott",6,1
"47153","TN","Sequatchie",2,0
"47155","TN","Sevier",4,1
"47157","TN","Shelby",1,0
"47159","TN","Smith",1,0
"47161","TN","Stewart",8,1
"47163","TN","Sullivan",2,0
"47165","TN","Sumner",1,0
"47167","TN","Tipton",1,0
"47169","TN","Trousdale",1,0
"47171","TN","Unicoi",3,0
"47173","TN","Union",2,0
"47175","TN","Van Buren",9,1
"47177","TN","Warren",6,1
"47179","TN","Washington",3,0
"47181","TN","Wayne",8,1
"47183","TN","Weakley",7,1
"47185","TN","White",7,1
"47187","TN","Williamson",1,0
"47189","TN","Wilson",1,0
"48001","TX","Anderson",7,1
"48003","TX","Andrews",6,1
"48005","TX","Angelina",5,1
"48007","TX","Aransas",2,0
"48009","TX","Archer",3,0
"48011","TX","Armstrong",2,0
"48013","TX","Atascosa",1,0
"48015","TX","Austin",1,0
"48017","TX","Bailey",7,1
"48019","TX","Bandera",1,0
"48021","TX","Bastrop",1,0
"48023","TX","Baylor",8,1
"48025","TX","Bee",6,1
"48027","TX","Bell",2,0
"48029","TX","Bexar",1,0
"48031","TX","Blanco",8,1
"48033","TX","Borden",8,1
"48035","TX","Bosque",6,1
"48037","TX","Bowie",3,0
"48039","TX","Brazoria",1,0
"48041","TX","Brazos",3,0
"48043","TX","Brewster",7,1
"48045","TX","Briscoe",9,1
"48047","TX","Brooks",7,1
"48049","TX","Brown",5,1
"48051","TX","Burleson",3,0
"48053","TX","Burnet",6,1
"48055","TX","Caldwell",1,0
"48057","TX","Calhoun",6,1
"48059","TX","Callahan",3,0
"48061","TX","Cameron",2,0
"48063","TX","Camp",6,1
"48065","TX","Carson",2,0
"48067","TX","Cass",6,1
"48069","TX","Castro",6,1
"48071","TX","Chambers",1,0
"48073","TX","Cherokee",6,1
"48075","TX","Childress",7,1
"48077","TX","Clay",3,0
"48079","TX","Cochran",9,1
"48081","TX","Coke",8,1
"48083","TX","Coleman",6,1
"48085","TX","Collin",1,0
"48087","TX","Collingsworth",9,1
"48089","TX","Colorado",6,1
"48091","TX","Comal",1,0
"48093","TX","Comanche",7,1
"48095","TX","Concho",8,1
"48097","TX","Cooke",6,1
"48099","TX","Coryell",2,0
"48101","TX","Cottle",9,1
"48103","TX","Crane",6,1
"48105","TX","Crockett",7,1
"48107","TX","Crosby",2,0
"48109","TX","Culberson",9,1
"48111","TX","Dallam",7,1
"48113","TX","Dallas",1,0
"48115","TX","Dawson",7,1
"48117","TX","Deaf Smith",6,1
"48119","TX","Delta",8,1
"48121","TX","Denton",1,0
"48123","TX","DeWitt",6,1
"48125","TX","Dickens",8,1
"48127","TX","Dimmit",6,1
"48129","TX","Donley",8,1
"48131","TX","Duval",7,1
"48133","TX","Eastland",6,1
"48135","TX","Ector",3,0
"48137","TX","Edwards",9,1
"48139","TX","Ellis",1,0
"48141","TX","El Paso",2,0
"48143","TX","Erath",4,1
"48145","TX","Falls",2,0
"48147","TX","Fannin",6,1
"48149","TX","Fayette",6,1
"48151","TX","Fisher",8,1
"48153","TX","Floyd",6,1
"48155","TX","Foard",9,1
"48157","TX","Fort Bend",1,0
"48159","TX","Franklin",7,1
"48161","TX","Freestone",7,1
"48163","TX","Frio",6,1
"48165","TX","Gaines",7,1
"48167","TX","Galveston",1,0
"48169","TX","Garza",6,1
"48171","TX","Gillespie",7,1
"48173","TX","Glasscock",8,1
"48175","TX","Goliad",3,0
"48177","TX","Gonzales",6,1
"48179","TX","Gray",6,1
"48181","TX","Grayson",3,0
"48183","TX","Gregg",3,0
"48185","TX","Grimes",6,1
"48187","TX","Guadalupe",1,0
"48189","TX","Hale",4,1
"48191","TX","Hall",9,1
"48193","TX","Hamilton",6,1
"48195","TX","Hansford",7,1
"48197","TX","Hardeman",9,1
"48199","TX","Hardin",2,0
"48201","TX","Harris",1,0
"48203","TX","Harrison",4,1
"48205","TX","Hartley",7,1
"48207","TX","Haskell",6,1
"48209","TX","Hays",1,0
"48211","TX","Hemphill",7,1
"48213","TX","Henderson",4,1
"48215","TX","Hidalgo",2,0
"48217","TX","Hill",6,1
"48219","TX","Hockley",6,1
"48221","TX","Hood",1,0
"48223","TX","Hopkins",6,1
"48225","TX","Houston",7,1
"48227","TX","Howard",4,1
"48229","TX","Hudspeth",2,0
"48231","TX","Hunt",1,0
"48233","TX","Hutchinson",6,1
"48235","TX","Irion",3,0
"48237","TX","Jack",6,1
"48239","TX","Jackson",6,1
"48241","TX","Jasper",6,1
"48243","TX","Jeff Davis",9,1
"48245","TX","Jefferson",2,0
"48247","TX","Jim Hogg",6,1
"48249","TX","Jim Wells",4,1
"48251","TX","Johnson",1,0
"48253","TX","Jones",3,0
"48255","TX","Karnes",6,1
"48257","TX","Kaufman",1,0
"48259","TX","Kendall",1,0
"48261","TX","Kenedy",9,1
"48263","TX","Kent",9,1
"48265","TX","Kerr",4,1
"48267","TX","Kimble",7,1
"48269","TX","King",9,1
"48271","TX","Kinney",7,1
"48273","TX","Kleberg",4,1
"48275","TX","Knox",9,1
"48277","TX","Lamar",5,1
"48279","TX","Lamb",6,1
"48281","TX","Lampasas",2,0
"48283","TX","La Salle",6,1
"48285","TX","Lavaca",6,1
"48287","TX","Lee",6,1
"48289","TX","Leon",8,1
"48291","TX","Liberty",1,0
"48293","TX","Limestone",6,1
"48295","TX","Lipscomb",9,1
"48297","TX","Live Oak",8,1
"48299","TX","Llano",7,1
"48301","TX","Loving",9,1
"48303","TX","Lubbock",2,0
"48305","TX","Lynn",2,0
"48307","TX","McCulloch",7,1
"48309","TX","McLennan",2,0
"48311","TX","McMullen",9,1
"48313","TX","Madison",6,1
"48315","TX","Marion",8,1
"48317","TX","Martin",3,0
"48319","TX","Mason",9,1
"48321","TX","Matagorda",4,1
"48323","TX","Maverick",5,1
"48325","TX","Medina",1,0
"48327","TX","Menard",9,1
"48329","TX","Midland",3,0
"48331","TX","Milam",6,1
"48333","TX","Mills",9,1
"48335","TX","Mitchell",7,1
"48337","TX","Montague",6,1
"48339","TX","Montgomery",1,0
"48341","TX","Moore",7,1
"48343","TX","Morris",6,1
"48345","TX","Motley",9,1
"48347","TX","Nacogdoches",5,1
"48349","TX","Navarro",4,1
"48351","TX","Newton",2,0
"48353","TX","Nolan",6,1
"48355","TX","Nueces",2,0
"48357","TX","Ochiltree",7,1
"48359","TX","Oldham",2,0
"48361","TX","Orange",2,0
"48363","TX","Palo Pinto",6,1
"48365","TX","Panola",6,1
"48367","TX","Parker",1,0
"48369","TX","Parmer",7,1
"48371","TX","Pecos",7,1
"48373","TX","Polk",6,1
"48375","TX","Potter",2,0
"48377","TX","Presidio",7,1
"48379","TX","Rains",8,1
"48381","TX","Randall",2,0
"48383","TX","Reagan",6,1
"48385","TX","Real",9,1
"48387","TX","Red River",6,1
"48389","TX","Reeves",7,1
"48391","TX","Refugio",6,1
"48393","TX","Roberts",9,1
"48395","TX","Robertson",3,0
"48397","TX","Rockwall",1,0
"48399","TX","Runnels",6,1
"48401","TX","Rusk",3,0
"48403","TX","Sabine",8,1
"48405","TX","San Augustine",9,1
"48407","TX","San Jacinto",8,1
"48409","TX","San Patricio",2,0
"48411","TX","San Saba",7,1
"48413","TX","Schleicher",8,1
"48415","TX","Scurry",7,1
"48417","TX","Shackelford",8,1
"48419","TX","Shelby",7,1
"48421","TX","Sherman",9,1
"48423","TX","Smith",3,0
"48425","TX","Somervell",1,0
"48427","TX","Starr",4,1
"48429","TX","Stephens",7,1
"48431","TX","Sterling",8,1
"48433","TX","Stonewall",9,1
"48435","TX","Sutton",7,1
"48437","TX","Swisher",6,1
"48439","TX","Tarrant",1,0
"48441","TX","Taylor",3,0
"48443","TX","Terrell",9,1
"48445","TX","Terry",6,1
"48447","TX","Throckmorton",9,1
"48449","TX","Titus",7,1
"48451","TX","Tom Green",3,0
"48453","TX","Travis",1,0
"48455","TX","Trinity",7,1
"48457","TX","Tyler",6,1
"48459","TX","Upshur",3,0
"48461","TX","Upton",8,1
"48463","TX","Uvalde",6,1
"48465","TX","Val Verde",5,1
"48467","TX","Van Zandt",6,1
"48469","TX","Victoria",3,0
"48471","TX","Walker",4,1
"48473","TX","Waller",1,0
"48475","TX","Ward",6,1
"48477","TX","Washington",6,1
"48479","TX","Webb",2,0
"48481","TX","Wharton",4,1
"48483","TX","Wheeler",9,1
"48485","TX","Wichita",3,0
"48487","TX","Wilbarger",6,1
"48489","TX","Willacy",6,1
"48491","TX","Williamson",1,0
"48493","TX","Wilson",1,0
"48495","TX","Winkler",6,1
"48497","TX","Wise",1,0
"48499","TX","Wood",6,1
"48501","TX","Yoakum",7,1
"48503","TX","Young",7,1
"48505","TX","Zapata",6,1
"48507","TX","Zavala",7,1
"49001","UT","Beaver",7,1
"49003","UT","Box Elder",2,0
"49005","UT","Cache",3,0
"49007","UT","Carbon",7,1
"49009","UT","Daggett",9,1
"49011","UT","Davis",2,0
"49013","UT","Duchesne",7,1
"49015","UT","Emery",7,1
"49017","UT","Garfield",9,1
"49019","UT","Grand",7,1
"49021","UT","Iron",4,1
"49023","UT","Juab",2,0
"49025","UT","Kane",6,1
"49027","UT","Millard",7,1
"49029","UT","Morgan",2,0
"49031","UT","Piute",9,1
"49033","UT","Rich",8,1
"49035","UT","Salt Lake",1,0
"49037","UT","San Juan",7,1
"49039","UT","Sanpete",6,1
"49041","UT","Sevier",7,1
"49043","UT","Summit",4,1
"49045","UT","Tooele",1,0
"49047","UT","Uintah",7,1
"49049","UT","Utah",2,0
"49051","UT","Wasatch",6,1
"49053","UT","Washington",3,0
"49055","UT","Wayne",9,1
"49057","UT","Weber",2,0
"50001","VT","Addison",6,1
"50003","VT","Bennington",6,1
"50005","VT","Caledonia",7,1
"50007","VT","Chittenden",3,0
"50009","VT","Essex",9,1
"50011","VT","Franklin",3,0
"50013","VT","Grand Isle",3,0
"50015","VT","Lamoille",8,1
"50017","VT","Orange",9,1
"50019","VT","Orleans",7,1
"50021","VT","Rutland",4,1
"50023","VT","Washington",4,1
"50025","VT","Windham",7,1
"50027","VT","Windsor",7,1
"51001","VA","Accomack",8,1
"51003","VA","Albemarle",3,0
"51005","VA","Alleghany",6,1
"51007","VA","Amelia",1,0
"51009","VA","Amherst",2,0
"51011","VA","Appomattox",2,0
"51013","VA","Arlington",1,0
"51015","VA","Augusta",3,0
"51017","VA","Bath",8,1
"51019","VA","Bedford",2,0
"51021","VA","Bland",8,1
"51023","VA","Botetourt",2,0
"51025","VA","Brunswick",6,1
"51027","VA","Buchanan",9,1
"51029","VA","Buckingham",3,0
"51031","VA","Campbell",2,0
"51033","VA","Caroline",1,0
"51035","VA","Carroll",7,1
"51036","VA","Charles City",1,0
"51037","VA","Charlotte",8,1
"51041","VA","Chesterfield",1,0
"51043","VA","Clarke",1,0
"51045","VA","Craig",2,0
"51047","VA","Culpeper",1,0
"51049","VA","Cumberland",8,1
"51051","VA","Dickenson",9,1
"51053","VA","Dinwiddie",1,0
"51057","VA","Essex",6,1
"51059","VA","Fairfax",1,0
"51061","VA","Fauquier",1,0
"51063","VA","Floyd",3,0
"51065","VA","Fluvanna",3,0
"51067","VA","Franklin",2,0
"51069","VA","Frederick",3,0
"51071","VA","Giles",3,0
"51073","VA","Gloucester",1,0
"51075","VA","Goochland",1,0
"51077","VA","Grayson",9,1
"51079","VA","Greene",3,0
"51081","VA","Greensville",6,1
"51083","VA","Halifax",6,1
"51085","VA","Hanover",1,0
"51087","VA","Henrico",1,0
"51089","VA","Henry",4,1
"51091","VA","Highland",8,1
"51093","VA","Isle of Wight",1,0
"51095","VA","James City",1,0
"51097","VA","King and Queen",8,1
"51099","VA","King George",6,1
"51101","VA","King William",1,0
"51103","VA","Lancaster",9,1
"51105","VA","Lee",8,1
"51107","VA","Loudoun",1,0
"51109","VA","Louisa",8,1
"51111","VA","Lunenburg",9,1
"51113","VA","Madison",8,1
"51115","VA","Mathews",1,0
"51117","VA","Mecklenburg",7,1
"51119","VA","Middlesex",8,1
"51121","VA","Montgomery",3,0
"51125","VA","Nelson",3,0
"51127","VA","New Kent",1,0
"51131","VA","Northampton",8,1
"51133","VA","Northumberland",9,1
"51135","VA","Nottoway",6,1
"51137","VA","Orange",6,1
"51139","VA","Page",6,1
"51141","VA","Patrick",8,1
"51143","VA","Pittsylvania",4,1
"51145","VA","Powhatan",1,0
"51147","VA","Prince Edward",6,1
"51149","VA","Prince George",1,0
"51153","VA","Prince William",1,0
"51155","VA","Pulaski",3,0
"51157","VA","Rappahannock",1,0
"51159","VA","Richmond",9,1
"51161","VA","Roanoke",2,0
"51163","VA","Rockbridge",6,1
"51165","VA","Rockingham",3,0
"51167","VA","Russell",7,1
"51169","VA","Scott",2,0
"51171","VA","Shenandoah",6,1
"51173","VA","Smyth",7,1
"51175","VA","Southampton",6,1
"51177","VA","Spotsylvania",1,0
"51179","VA","Stafford",1,0
"51181","VA","Surry",8,1
"51183","VA","Sussex",1,0
"51185","VA","Tazewell",5,1
"51187","VA","Warren",1,0
"51191","VA","Washington",2,0
"51193","VA","Westmoreland",6,1
"51195","VA","Wise",7,1
"51197","VA","Wythe",6,1
"51199","VA","York",1,0
"51510","VA","Alexandria city",1,0
"51515","VA","Bedford city",2,0
"51520","VA","Bristol city",2,0
"51530","VA","Buena Vista city",6,1
"51540","VA","Charlottesville city",3,0
"51550","VA","Chesapeake city",1,0
"51570","VA","Colonial Heights city",1,0
"51580","VA","Covington city",6,1
"51590","VA","Danville city",4,1
"51595","VA","Emporia city",6,1
"51600","VA","Fairfax city",1,0
"51610","VA","Falls Church city",1,0
"51620","VA","Franklin city",6,1
"51630","VA","Fredericksburg city",1,0
"51640","VA","Galax city",7,1
"51650","VA","Hampton city",1,0
"51660","VA","Harrisonburg city",3,0
"51670","VA","Hopewell city",1,0
"51678","VA","Lexington city",6,1
"51680","VA","Lynchburg city",2,0
"51683","VA","Manassas city",1,0
"51685","VA","Manassas Park city",1,0
"51690","VA","Martinsville city",4,1
"51700","VA","Newport News city",1,0
"51710","VA","Norfolk city",1,0
"51720","VA","Norton city",7,1
"51730","VA","Petersburg city",1,0
"51735","VA","Poquoson city",1,0
"51740","VA","Portsmouth city",1,0
"51750","VA","Radford city",3,0
"51760","VA","Richmond city",1,0
"51770","VA","Roanoke city",2,0
"51775","VA","Salem city",2,0
"51790","VA","Staunton city",3,0
"51800","VA","Suffolk city",1,0
"51810","VA","Virginia Beach city",1,0
"51820","VA","Waynesboro city",3,0
"51830","VA","Williamsburg city",1,0
"51840","VA","Winchester city",3,0
"53001","WA","Adams",6,1
"53003","WA","Asotin",3,0
"53005","WA","Benton",2,0
"53007","WA","Chelan",3,0
"53009","WA","Clallam",5,1
"53011","WA","Clark",1,0
"53013","WA","Columbia",3,0
"53015","WA","Cowlitz",3,0
"53017","WA","Douglas",3,0
"53019","WA","Ferry",9,1
"53021","WA","Franklin",2,0
"53023","WA","Garfield",8,1
"53025","WA","Grant",5,1
"53027","WA","Grays Harbor",4,1
"53029","WA","Island",4,1
"53031","WA","Jefferson",6,1
"53033","WA","King",1,0
"53035","WA","Kitsap",2,0
"53037","WA","Kittitas",4,1
"53039","WA","Klickitat",6,1
"53041","WA","Lewis",4,1
"53043","WA","Lincoln",8,1
"53045","WA","Mason",4,1
"53047","WA","Okanogan",6,1
"53049","WA","Pacific",7,1
"53051","WA","Pend Oreille",2,0
"53053","WA","Pierce",1,0
"53055","WA","San Juan",9,1
"53057","WA","Skagit",3,0
"53059","WA","Skamania",1,0
"53061","WA","Snohomish",1,0
"53063","WA","Spokane",2,0
"53065","WA","Stevens",2,0
"53067","WA","Thurston",2,0
"53069","WA","Wahkiakum",8,1
"53071","WA","Walla Walla",3,0
"53073","WA","Whatcom",3,0
"53075","WA","Whitman",4,1
"53077","WA","Yakima",3,0
"54001","WV","Barbour",6,1
"54003","WV","Berkeley",2,0
"54005","WV","Boone",3,0
"54007","WV","Braxton",8,1
"54009","WV","Brooke",3,0
"54011","WV","Cabell",2,0
"54013","WV","Calhoun",8,1
"54015","WV","Clay",3,0
"54017","WV","Doddridge",9,1
"54019","WV","Fayette",3,0
"54021","WV","Gilmer",7,1
"54023","WV","Grant",7,1
"54025","WV","Greenbrier",6,1
"54027","WV","Hampshire",3,0
"54029","WV","Hancock",3,0
"54031","WV","Hardy",6,1
"54033","WV","Harrison",5,1
"54035","WV","Jackson",6,1
"54037","WV","Jefferson",1,0
"54039","WV","Kanawha",3,0
"54041","WV","Lewis",7,1
"54043","WV","Lincoln",2,0
"54045","WV","Logan",6,1
"54047","WV","McDowell",7,1
"54049","WV","Marion",4,1
"54051","WV","Marshall",3,0
"54053","WV","Mason",6,1
"54055","WV","Mercer",4,1
"54057","WV","Mineral",3,0
"54059","WV","Mingo",7,1
"54061","WV","Monongalia",3,0
"54063","WV","Monroe",8,1
"54065","WV","Morgan",8,1
"54067","WV","Nicholas",6,1
"54069","WV","Ohio",3,0
"54071","WV","Pendleton",8,1
"54073","WV","Pleasants",6,1
"54075","WV","Pocahontas",9,1
"54077","WV","Preston",3,0
"54079","WV","Putnam",2,0
"54081","WV","Raleigh",3,0
"54083","WV","Randolph",7,1
"54085","WV","Ritchie",8,1
"54087","WV","Roane",6,1
"54089","WV","Summers",6,1
"54091","WV","Taylor",6,1
"54093","WV","Tucker",8,1
"54095","WV","Tyler",9,1
"54097","WV","Upshur",7,1
"54099","WV","Wayne",2,0
"54101","WV","Webster",9,1
"54103","WV","Wetzel",6,1
"54105","WV","Wirt",3,0
"54107","WV","Wood",3,0
"54109","WV","Wyoming",6,1
"55001","WI","Adams",8,1
"55003","WI","Ashland",7,1
"55005","WI","Barron",6,1
"55007","WI","Bayfield",8,1
"55009","WI","Brown",2,0
"55011","WI","Buffalo",8,1
"55013","WI","Burnett",8,1
"55015","WI","Calumet",3,0
"55017","WI","Chippewa",3,0
"55019","WI","Clark",6,1
"55021","WI","Columbia",2,0
"55023","WI","Crawford",7,1
"55025","WI","Dane",2,0
"55027","WI","Dodge",4,1
"55029","WI","Door",6,1
"55031","WI","Douglas",2,0
"55033","WI","Dunn",6,1
"55035","WI","Eau Claire",3,0
"55037","WI","Florence",9,1
"55039","WI","Fond du Lac",3,0
"55041","WI","Forest",9,1
"55043","WI","Grant",6,1
"55045","WI","Green",2,0
"55047","WI","Green Lake",6,1
"55049","WI","Iowa",2,0
"55051","WI","Iron",9,1
"55053","WI","Jackson",6,1
"55055","WI","Jefferson",4,1
"55057","WI","Juneau",7,1
"55059","WI","Kenosha",1,0
"55061","WI","Kewaunee",2,0
"55063","WI","La Crosse",3,0
"55065","WI","Lafayette",8,1
"55067","WI","Langlade",6,1
"55069","WI","Lincoln",6,1
"55071","WI","Manitowoc",4,1
"55073","WI","Marathon",3,0
"55075","WI","Marinette",6,1
"55077","WI","Marquette",8,1
"55078","WI","Menominee",8,1
"55079","WI","Milwaukee",1,0
"55081","WI","Monroe",6,1
"55083","WI","Oconto",2,0
"55085","WI","Oneida",7,1
"55087","WI","Outagamie",3,0
"55089","WI","Ozaukee",1,0
"55091","WI","Pepin",8,1
"55093","WI","Pierce",1,0
"55095","WI","Polk",6,1
"55097","WI","Portage",4,1
"55099","WI","Price",9,1
"55101","WI","Racine",3,0
"55103","WI","Richland",6,1
"55105","WI","Rock",3,0
"55107","WI","Rusk",6,1
"55109","WI","St. Croix",1,0
"55111","WI","Sauk",4,1
"55113","WI","Sawyer",7,1
"55115","WI","Shawano",6,1
"55117","WI","Sheboygan",3,0
"55119","WI","Taylor",6,1
"55121","WI","Trempealeau",6,1
"55123","WI","Vernon",6,1
"55125","WI","Vilas",9,1
"55127","WI","Walworth",4,1
"55129","WI","Washburn",7,1
"55131","WI","Washington",1,0
"55133","WI","Waukesha",1,0
"55135","WI","Waupaca",6,1
"55137","WI","Waushara",6,1
"55139","WI","Winnebago",3,0
"55141","WI","Wood",4,1
"56001","WY","Albany",4,1
"56003","WY","Big Horn",9,1
"56005","WY","Campbell",5,1
"56007","WY","Carbon",7,1
"56009","WY","Converse",6,1
"56011","WY","Crook",9,1
"56013","WY","Fremont",7,1
"56015","WY","Goshen",7,1
"56017","WY","Hot Springs",7,1
"56019","WY","Johnson",7,1
"56021","WY","Laramie",3,0
"56023","WY","Lincoln",7,1
"56025","WY","Natrona",3,0
"56027","WY","Niobrara",9,1
"56029","WY","Park",7,1
"56031","WY","Platte",7,1
"56033","WY","Sheridan",7,1
"56035","WY","Sublette",9,1
"56037","WY","Sweetwater",5,1
"56039","WY","Teton",7,1
"56041","WY","Uinta",7,1
"56043","WY","Washakie",7,1
"56045","WY","Weston",7,1
"60010","AS","Eastern District",5,1
"60020","AS","Manu'a District",9,1
"60030","AS","Rose Island",NA,NA
"60040","AS","Swains Island",9,1
"60050","AS","Western District",5,1
"66010","GU","Guam",5,1
"69085","MP","Northern Islands Municipality",NA,NA
"69100","MP","Rota Municipality",9,1
"69110","MP","Saipan Municipality",5,1
"69120","MP","Tinian Municipality",7,1
"72001","PR","Adjuntas Municipio",6,1
"72003","PR","Aguada Municipio",2,0
"72005","PR","Aguadilla Municipio",2,0
"72007","PR","Aguas Buenas Municipio",1,0
"72009","PR","Aibonito Municipio",1,0
"72011","PR","Anasco Municipio",2,0
"72013","PR","Arecibo Municipio",3,0
"72015","PR","Arroyo Municipio",3,0
"72017","PR","Barceloneta Municipio",1,0
"72019","PR","Barranquitas Municipio",1,0
"72021","PR","Bayamon Municipio",1,0
"72023","PR","Cabo Rojo Municipio",3,0
"72025","PR","Caguas Municipio",1,0
"72027","PR","Camuy Municipio",3,0
"72029","PR","Canovanas Municipio",1,0
"72031","PR","Carolina Municipio",1,0
"72033","PR","Catano Municipio",1,0
"72035","PR","Cayey Municipio",1,0
"72037","PR","Ceiba Municipio",1,0
"72039","PR","Ciales Municipio",1,0
"72041","PR","Cidra Municipio",1,0
"72043","PR","Coamo Municipio",4,1
"72045","PR","Comerio Municipio",1,0
"72047","PR","Corozal Municipio",1,0
"72049","PR","Culebra Municipio",9,1
"72051","PR","Dorado Municipio",1,0
"72053","PR","Fajardo Municipio",1,0
"72054","PR","Florida Municipio",1,0
"72055","PR","Guanica Municipio",2,0
"72057","PR","Guayama Municipio",3,0
"72059","PR","Guayanilla Municipio",2,0
"72061","PR","Guaynabo Municipio",1,0
"72063","PR","Gurabo Municipio",1,0
"72065","PR","Hatillo Municipio",3,0
"72067","PR","Hormigueros Municipio",3,0
"72069","PR","Humacao Municipio",1,0
"72071","PR","Isabela Municipio",2,0
"72073","PR","Jayuya Municipio",6,1
"72075","PR","Juana Diaz Municipio",2,0
"72077","PR","Juncos Municipio",1,0
"72079","PR","Lajas Municipio",3,0
"72081","PR","Lares Municipio",2,0
"72083","PR","Las Marias Municipio",6,1
"72085","PR","Las Piedras Municipio",1,0
"72087","PR","Loiza Municipio",1,0
"72089","PR","Luquillo Municipio",1,0
"72091","PR","Manati Municipio",1,0
"72093","PR","Maricao Municipio",6,1
"72095","PR","Maunabo Municipio",1,0
"72097","PR","Mayaguez Municipio",3,0
"72099","PR","Moca Municipio",2,0
"72101","PR","Morovis Municipio",1,0
"72103","PR","Naguabo Municipio",1,0
"72105","PR","Naranjito Municipio",1,0
"72107","PR","Orocovis Municipio",1,0
"72109","PR","Patillas Municipio",3,0
"72111","PR","Penuelas Municipio",2,0
"72113","PR","Ponce Municipio",2,0
"72115","PR","Quebradillas Municipio",3,0
"72117","PR","Rincon Municipio",2,0
"72119","PR","Rio Grande Municipio",1,0
"72121","PR","Sabana Grande Municipio",3,0
"72123","PR","Salinas Municipio",4,1
"72125","PR","San German Municipio",3,0
"72127","PR","San Juan Municipio",1,0
"72129","PR","San Lorenzo Municipio",1,0
"72131","PR","San Sebastian Municipio",2,0
"72133","PR","Santa Isabel Municipio",4,1
"72135","PR","Toa Alta Municipio",1,0
"72137","PR","Toa Baja Municipio",1,0
"72139","PR","Trujillo Alto Municipio",1,0
"72141","PR","Utuado Municipio",2,0
"72143","PR","Vega Alta Municipio",1,0
"72145","PR","Vega Baja Municipio",1,0
"72147","PR","Vieques Municipio",7,1
"72149","PR","Villalba Municipio",2,0
"72151","PR","Yabucoa Municipio",1,0
"72153","PR","Yauco Municipio",2,0
"78010","VI","St. Croix Island",5,1
"78020","VI","St. John Island",7,1
"78030","VI","St. Thomas Island",5,1
